Workbook

Sheet สินค้าBB
D1: ระดับราคา | F1: 20%-50%
A2: รหัสสินค้า | B2: ราคาส่ง | C2: ค่าลับคม | D2: ราคา+10% | E2: ราคา+15% | F2: ราคาปลีกออนไลน์
A3: BB-516 | B3: 150 | D3: =MROUND((B3*10%)+B3,5) -> 165 | E3: =MROUND((B3*15%)+B3,5) -> 175 | F3: 199 | G3: =(F3-B3)/B3 -> 0.32666667 | H3: =F3-D3 -> 34 | I3: =F3-E3 -> 24
A4: BB-511 | B4: 165 | D4: =MROUND((B4*10%)+B4,5) -> 180 | E4: =MROUND((B4*15%)+B4,5) -> 190 | F4: 240 | G4: =(F4-B4)/B4 -> 0.45454545 | H4: =F4-D4 -> 60 | I4: =F4-E4 -> 50
A5: BB-503 | B5: 150 | D5: =MROUND((B5*10%)+B5,5) -> 165 | E5: =MROUND((B5*15%)+B5,5) -> 175 | F5: 240 | G5: =(F5-B5)/B5 -> 0.6 | H5: =F5-D5 -> 75 | I5: =F5-E5 -> 65
A6: BB-507 | B6: 230 | D6: 235 | E6: =MROUND((B6*15%)+B6,5) -> 265 | F6: 240 | G6: =(F6-B6)/B6 -> 0.043478261 | H6: =F6-D6 -> 5 | I6: =F6-E6 -> -25
A7: BB-509 | B7: 170 | D7: =MROUND((B7*10%)+B7,5) -> 185 | E7: =MROUND((B7*15%)+B7,5) -> 195 | F7: 240 | G7: =(F7-B7)/B7 -> 0.41176471 | H7: =F7-D7 -> 55 | I7: =F7-E7 -> 45
A8: BB-702 | B8: 165 | D8: =MROUND((B8*10%)+B8,5) -> 180 | E8: =MROUND((B8*15%)+B8,5) -> 190 | F8: 199 | G8: =(F8-B8)/B8 -> 0.20606061 | H8: =F8-D8 -> 19 | I8: =F8-E8 -> 9
A9: BB-517 | B9: 120 | D9: =MROUND((B9*10%)+B9,5) -> 130 | E9: =MROUND((B9*15%)+B9,5) -> 140 | F9: 165 | G9: =(F9-B9)/B9 -> 0.375 | H9: =F9-D9 -> 35 | I9: =F9-E9 -> 25
A10: BB-510 | B10: 110 | D10: =MROUND((B10*10%)+B10,5) -> 120 | E10: =MROUND((B10*15%)+B10,5) -> 125 | F10: 150 | G10: =(F10-B10)/B10 -> 0.36363636 | H10: =F10-D10 -> 30 | I10: =F10-E10 -> 25
A11: BB-512 | B11: 170 | D11: =MROUND((B11*10%)+B11,5) -> 185 | E11: =MROUND((B11*15%)+B11,5) -> 195 | F11: 250 | G11: =(F11-B11)/B11 -> 0.47058824 | H11: =F11-D11 -> 65 | I11: =F11-E11 -> 55
A12: BB-513 | B12: 140 | D12: =MROUND((B12*10%)+B12,5) -> 155 | E12: =MROUND((B12*15%)+B12,5) -> 160 | F12: 190 | G12: =(F12-B12)/B12 -> 0.35714286 | H12: =F12-D12 -> 35 | I12: =F12-E12 -> 30
A13: BB-703 | B13: 125 | D13: =MROUND((B13*10%)+B13,5) -> 140 | E13: =MROUND((B13*15%)+B13,5) -> 145 | F13: 250 | G13: =(F13-B13)/B13 -> 1 | H13: =F13-D13 -> 110 | I13: =F13-E13 -> 105
A14: BB-704 | B14: 25 | D14: =MROUND((B14*10%)+B14,5) -> 30 | E14: =MROUND((B14*15%)+B14,5) -> 30 | F14: 50 | G14: =(F14-B14)/B14 -> 1 | H14: =F14-D14 -> 20 | I14: =F14-E14 -> 20
A15: BB-514 | B15: 120 | D15: =MROUND((B15*10%)+B15,5) -> 130 | E15: =MROUND((B15*15%)+B15,5) -> 140 | F15: 240 | G15: =(F15-B15)/B15 -> 1 | H15: =F15-D15 -> 110 | I15: =F15-E15 -> 100
A16: BB-515 | B16: 170 | D16: =MROUND((B16*10%)+B16,5) -> 185 | E16: =MROUND((B16*15%)+B16,5) -> 195 | F16: 250 | G16: =(F16-B16)/B16 -> 0.47058824 | H16: =F16-D16 -> 65 | I16: =F16-E16 -> 55
A17: BB-111 | B17: 1350 | D17: =MROUND((B17*10%)+B17,5) -> 1485 | E17: =MROUND((B17*15%)+B17,5) -> 1555 | F17: 1950 | G17: =(F17-B17)/B17 -> 0.44444444 | H17: =F17-D17 -> 465 | I17: =F17-E17 -> 395
A18: BB-112 | B18: 1000 | D18: =MROUND((B18*10%)+B18,5) -> 1100 | E18: =MROUND((B18*15%)+B18,5) -> 1150 | F18: 1350 | G18: =(F18-B18)/B18 -> 0.35 | H18: =F18-D18 -> 250 | I18: =F18-E18 -> 200
... A20: BB-110 | B20: 1050 | D20: =MROUND((B20*10%)+B20,5) -> 1155 | E20: =MROUND((B20*15%)+B20,5) -> 1210 | F20: 1500 | G20: =(F20-B20)/B20 -> 0.42857143 | H20: =F20-D20 -> 345 | I20: =F20-E20 -> 290
A21: BB-100 | B21: 420 | C21: 65 | D21: =MROUND((B21*10%)+B21,5) -> 460 | E21: =MROUND((B21*15%)+B21,5) -> 485 | F21: 750 | G21: =(F21-B21)/B21 -> 0.78571429 | H21: =F21-D21 -> 290 | I21: =F21-E21 -> 265
A22: BB-103 | B22: 75 | D22: =MROUND((B22*10%)+B22,5) -> 85 | E22: =MROUND((B22*15%)+B22,5) -> 85 | F22: 200 | G22: =(F22-B22)/B22 -> 1.6666667 | H22: =F22-D22 -> 115 | I22: =F22-E22 -> 115
A23: BB-103/A | B23: 38 | D23: =MROUND((B23*10%)+B23,5) -> 40 | E23: =MROUND((B23*15%)+B23,5) -> 45 | F23: 150 | G23: =(F23-B23)/B23 -> 2.9473684 | H23: =F23-D23 -> 110 | I23: =F23-E23 -> 105
A24: BB-104 | B24: 140 | D24: =MROUND((B24*10%)+B24,5) -> 155 | E24: =MROUND((B24*15%)+B24,5) -> 160 | F24: 250 | G24: =(F24-B24)/B24 -> 0.78571429 | H24: =F24-D24 -> 95 | I24: =F24-E24 -> 90
A25: ZM-BB-111/4 | B25: 210 | D25: =MROUND((B25*10%)+B25,5) -> 230 | E25: =MROUND((B25*15%)+B25,5) -> 240 | F25: 300 | G25: =(F25-B25)/B25 -> 0.42857143 | H25: =F25-D25 -> 70 | I25: =F25-E25 -> 60
A26: VAL-64 | B26: 315 | D26: =MROUND((B26*10%)+B26,5) -> 345 | E26: =MROUND((B26*15%)+B26,5) -> 360 | F26: 450 | G26: =(F26-B26)/B26 -> 0.42857143 | H26: =F26-D26 -> 105 | I26: =F26-E26 -> 90
A27: VAL-65 | B27: 325 | D27: =MROUND((B27*10%)+B27,5) -> 360 | E27: =MROUND((B27*15%)+B27,5) -> 375 | F27: 450 | G27: =(F27-B27)/B27 -> 0.38461538 | H27: =F27-D27 -> 90 | I27: =F27-E27 -> 75
A28: VAL-66 | B28: 320 | D28: =MROUND((B28*10%)+B28,5) -> 350 | E28: =MROUND((B28*15%)+B28,5) -> 370 | F28: 450 | G28: =(F28-B28)/B28 -> 0.40625 | H28: =F28-D28 -> 100 | I28: =F28-E28 -> 80
A29: VAL-67 | B29: 320 | D29: =MROUND((B29*10%)+B29,5) -> 350 | E29: =MROUND((B29*15%)+B29,5) -> 370 | F29: 450 | G29: =(F29-B29)/B29 -> 0.40625 | H29: =F29-D29 -> 100 | I29: =F29-E29 -> 80
A30: VAL-73 | B30: 315 | D30: =MROUND((B30*10%)+B30,5) -> 345 | E30: =MROUND((B30*15%)+B30,5) -> 360 | F30: 450 | G30: =(F30-B30)/B30 -> 0.42857143 | H30: =F30-D30 -> 105 | I30: =F30-E30 -> 90
A31: VAL-74 | B31: 325 | D31: =MROUND((B31*10%)+B31,5) -> 360 | E31: =MROUND((B31*15%)+B31,5) -> 375 | F31: 450 | G31: =(F31-B31)/B31 -> 0.38461538 | H31: =F31-D31 -> 90 | I31: =F31-E31 -> 75
A32: ZP-A16015 | B32: 400 | D32: 425 | E32: 430 | F32: 435 | G32: =(F32-B32)/B32 -> 0.0875 | H32: =F32-D32 -> 10 | I32: =F32-E32 -> 5
A33: VAL-1516 | B33: 150 | D33: =MROUND((B33*10%)+B33,5) -> 165 | E33: =MROUND((B33*15%)+B33,5) -> 175 | F33: 190 | G33: =(F33-B33)/B33 -> 0.26666667 | H33: =F33-D33 -> 25 | I33: =F33-E33 -> 15
A34: VAL-K099 | B34: 135 | D34: =MROUND((B34*10%)+B34,5) -> 150 | E34: =MROUND((B34*15%)+B34,5) -> 155 | F34: 200 | G34: =(F34-B34)/B34 -> 0.48148148 | H34: =F34-D34 -> 50 | I34: =F34-E34 -> 45
A35: VAL-K024 | B35: 200 | D35: =MROUND((B35*10%)+B35,5) -> 220 | E35: =MROUND((B35*15%)+B35,5) -> 230 | F35: 250 | G35: =(F35-B35)/B35 -> 0.25 | H35: =F35-D35 -> 30 | I35: =F35-E35 -> 20
A36: VAL-1513 | B36: 150 | D36: =MROUND((B36*10%)+B36,5) -> 165 | E36: =MROUND((B36*15%)+B36,5) -> 175 | F36: 190 | G36: =(F36-B36)/B36 -> 0.26666667 | H36: =F36-D36 -> 25 | I36: =F36-E36 -> 15
A37: VAL-1510/W-1 | B37: 84 | D37: =MROUND((B37*10%)+B37,5) -> 90 | E37: =MROUND((B37*15%)+B37,5) -> 95 | F37: 120 | G37: =(F37-B37)/B37 -> 0.42857143 | H37: =F37-D37 -> 30 | I37: =F37-E37 -> 25
A38: VAL-1510/W | B38: 87.08 | D38: =MROUND((B38*10%)+B38,5) -> 95 | E38: =MROUND((B38*15%)+B38,5) -> 100 | F38: 120 | G38: =(F38-B38)/B38 -> 0.37804318 | H38: =F38-D38 -> 25 | I38: =F38-E38 -> 20
A39: VAL-1510/B-1 | B39: 84 | D39: =MROUND((B39*10%)+B39,5) -> 90 | E39: =MROUND((B39*15%)+B39,5) -> 95 | F39: 120 | G39: =(F39-B39)/B39 -> 0.42857143 | H39: =F39-D39 -> 30 | I39: =F39-E39 -> 25
A40: VAL-1510/B | B40: 87.08 | D40: =MROUND((B40*10%)+B40,5) -> 95 | E40: =MROUND((B40*15%)+B40,5) -> 100 | F40: 120 | G40: =(F40-B40)/B40 -> 0.37804318 | H40: =F40-D40 -> 25 | I40: =F40-E40 -> 20
A41: VAL-1511 | B41: 154 | D41: =MROUND((B41*10%)+B41,5) -> 170 | E41: =MROUND((B41*15%)+B41,5) -> 175 | F41: 195 | G41: =(F41-B41)/B41 -> 0.26623377 | H41: =F41-D41 -> 25 | I41: =F41-E41 -> 20
A42: VAL-1511/B | B42: 154 | D42: =MROUND((B42*10%)+B42,5) -> 170 | E42: =MROUND((B42*15%)+B42,5) -> 175 | F42: 195 | G42: =(F42-B42)/B42 -> 0.26623377 | H42: =F42-D42 -> 25 | I42: =F42-E42 -> 20
A43: VAL-52 | B43: 100 | D43: =MROUND((B43*10%)+B43,5) -> 110 | E43: =MROUND((B43*15%)+B43,5) -> 115 | F43: 135 | G43: =(F43-B43)/B43 -> 0.35 | H43: =F43-D43 -> 25 | I43: =F43-E43 -> 20
A44: VAL-52A | B44: 115 | D44: =MROUND((B44*10%)+B44,5) -> 125 | E44: =MROUND((B44*15%)+B44,5) -> 130 | F44: 150 | G44: =(F44-B44)/B44 -> 0.30434783 | H44: =F44-D44 -> 25 | I44: =F44-E44 -> 20
... A1003: PROD-004 | B1003: 220 | D1003: =MROUND((B1003*10%)+B1003,5) | E1003: =MROUND((B1003*15%)+B1003,5) | F1003: 320 | G1003: =(F1003-B1003)/B1003 | H1003: =F1003-D1003 | I1003: =F1003-E1003

Sheet Checklist-Tech
G1: Note
A2: priority | B2: สถานะ | C2: ประเภทสินค้า | D2: รหัสสินค้า | E2: ชื่อ | F2: ปริมาณสินค้า | G2: ปริมาณต่อหัว (1ขวดได้กี่หัว / ถ้าสี1หัวใช้กี่หลอด) | J2: เทคนิคเพิ่มเติมในการขาย | K2: ทรงผม
G3: S | H3: M | I3: L
A4: 1 | B4: สินค้าใหม่ | C4: ทรีทเมนท์ | D4: MRP-C12-1 | E4: MaxRepeat C12 Anti-Breakage Strengthening Magic Keratin Shampoo No.1 แชมพูเบอร์ 1 ขนาด 400 ml | F4: 400ml. | G4: 4 pump , 5 ml / 80 times | H4: 6 pump , 7.5 ml / 53 times | I4: 8 ml / 10 times / 40 times
A5: 1 | B5: สินค้าใหม่ | C5: ทรีทเมนท์ | D5: MRP-C12-2 | E5: MaxRepeat C12 Anti-Breakage Strengthening Magic Keratin Serum No.2 เซรั่มเบอร์ 2 ขนาด 230 ml | F5: 230ml. | G5: 10 ml / 23 times | H5: 15 ml / 15 times | I5: 15 ml / 15 times
A6: 1 | B6: สินค้าใหม่ | C6: ทรีทเมนท์ | D6: MRP-C12-3 | E6: MaxRepeat C12 Anti-Breakage Magic Keratin Serum No.3 เซรั่มเบอร์ 3 ขนาด 230 ml | F6: 230ml. | G6: 10 ml / 23 times | H6: 15 ml / 15 times | I6: 15 ml / 15 times
A7: 1 | B7: สินค้าใหม่ | C7: ทรีทเมนท์ | D7: MRP-C12-4 | E7: MaxRepeat C12 Anti-Breakage Fortifying Magic Keratin Fortifying Mask No.4 มาสก์เบอร์ 4 ขนาด 400 ml | F7: 400ml. | G7: 4 pump , 5 ml / 80 times | H7: 6 pump , 7.5 ml / 53 times | I7: 8 ml / 10 times / 40 times
A8: 1 | B8: สินค้าใหม่ | C8: ทรีทเมนท์ | D8: MRP-C12S-2 | E8: MaxRepeat C12 Anti-Breakage Magic Keratin System Set No.2 & No.3 เซตกล่อง เบอร์ 1 และ เบอร์ 2 | F8: 25mlx10 | G8: 10 ml. / 2 times | H8: 10 ml. / 2 times | I8: 10 ml. / 2 times
A9: 2 | B9: สินค้าใหม่ | C9: ทรีทเมนท์ | D9: BB-201 | E9: BARBER BRAIN ANAGAIN HAIR SHAMPOO 250ml บาร์เบอร์เบรน อนาเกน แฮร์ แชมพู | F9: 250ml. | G9: 2 pump , 4 ml / 75 times | H9: 4 pump , 8 ml / 60 times | I9: 6 pump , 10 ml / 25 times
A10: 2 | B10: สินค้าใหม่ | C10: ทรีทเมนท์ | D10: BB-202 | E10: BARBER BRAIN ANAGAIN HAIR CONDITION 250mlบาร์เบอร์เบรน อนาเกน แฮร์ คอนดิชั่นเนอร์ | F10: 250ml. | G10: 5 pump , 7.5 ml / 33 times | H10: 5 pump , 7.5 ml / 33 times | I10: 5 pump , 7.5 ml / 33 times
A11: 2 | B11: สินค้าใหม่ | C11: ทรีทเมนท์ | D11: BB-203 | E11: BARBER BRAIN ANAGAIN HAIR TONIC 120ml บาร์เบอร์เบรน อนาเกน แฮร์ โทนิค | F11: 120ml. | G11: 10 pump , 1 ml / 120 times | H11: 10 pump , 1 ml / 120 times | I11: 10 pump , 1 ml / 120 times
A12: 2 | B12: สินค้าใหม่ | C12: ทรีทเมนท์ | D12: BB-204 | E12: BARBER BRAIN NO GREY HAIR SHAMPOO 250ml บาร์เบอร์เบรน โน เกร แฮร์ แชมพู | F12: 250ml. | G12: 2 pump , 4 ml / 75 times | H12: 4 pump , 8 ml / 60 times | I12: 6 pump , 10 ml / 25 times
A13: 2 | B13: สินค้าใหม่ | C13: ทรีทเมนท์ | D13: BB-205 | E13: BARBER BRAIN NO GREY HAIR CONDITION 250ml บาร์เบอร์เบรน โน เกร แฮร์ คอนดิชั่นเนอร์ | F13: 250ml. | G13: 5 pump , 7.5 ml / 33 times | H13: 5 pump , 7.5 ml / 33 times | I13: 5 pump , 7.5 ml / 33 times
A14: 2 | B14: สินค้าใหม่ | C14: ทรีทเมนท์ | D14: BB-206 | E14: BARBER BRAIN NO GREY HAIR TONIC 120ml บาร์เบอร์เบรน โน เกร แฮร์ โทนิค | F14: 120ml. | G14: 10 pump , 1 ml / 120 times | H14: 10 pump , 1 ml / 120 times | I14: 10 pump , 1 ml / 120 times
A15: 3 | C15: เคมีภัณฑ์-ผงฟอก | D15: ANG-067 | E15: L’ANGEL Hair Bleaching Powder Gentle Blonde 60gx12 ผงฟอกสีผม | F15: 60gx12 | G15: 4 x 60 = 240 g. / 1 time | H15: 6 x 60 = 360 g. / 1 time | I15: 8 x 60 = 480 g. / 1 time
A16: 3 | C16: เคมีภัณฑ์-ผงฟอก | D16: ANG-066 | E16: L'ANGEL HAIR BLEACHING POWDER ผลิตภัณฑ์ฟอกสีผม ANG-066 | F16: 500g | G16: 250 g / 1 times | H16: 350 g / 1 times | I16: 450 g / 1 times
A17: 3 | C17: เคมีภัณฑ์-ผงฟอก | D17: ANG-069 | E17: L'ANGEL LUXURY ANGELIC 9 LEVELS แอลแองเจล ผงฟอกสีผม 400g ANG-069 | F17: 400g | G17: 250 g / 1 times | H17: 350 g / 1 times | I17: 450 g / 1 times
A18: 4 | C18: เคมีภัณฑ์-สีผม | D18: Infinity | E18: L'ANGEL Infinity Hair Colors PRO | F18: 100mlx2 | G18: 100-150 ml. | H18: 250-300 ml. | I18: 300-400 ml.
A19: 4 | C19: เคมีภัณฑ์-สีผม | D19: Monetti | E19: สีย้อมผมถาวร | F19: 80ml. | G19: 100-160 ml. | H19: 240-320 ml. | I19: 320-400 ml.
A20: 4 | C20: เคมีภัณฑ์-น้ำยาดัด | D20: BB-703 | E20: ชุดน้ำยาดัดเย็นสูตรเนื้อเจล Energy Perm ปริมาณ 150ml. (01น้ำยาดัด , 02น้ำยาโกรก) | F20: 150ml.x2
E21: Down Prem | G21: 25 g. / 6 times | H21: 25 g. / 6 times | I21: 25 g. / 6 times
E22: Up Prem | G22: 10 g. / 15 times | H22: 10 g. / 15 times | I22: 10 g. / 15 times
E23: American Perm | G23: 70 g. / 2 times | H23: 100g. / 1 times | I23: 100g. / 1 times
E24: Volome Perm | G24: 70 g. / 2 times | H24: 100 g. / 1 times | I24: 100g. / 1 times
E25: Foil Perm | G25: 50 g. / 3 times | H25: 75 g. / 2 times | I25: 75 g. / 2 times
E26: Titanium Perm | G26: 75 g. / 2 times | H26: 100 g. / 1 times | I26: 75 g. / 2 times
E27: Wire Perm | G27: 75 g. / 2 times | H27: 75 g. / 2 times | I27: 75 g. / 2 times
E28: Pin Prem | G28: 75 g. / 2 times | H28: 75 g. / 2 times | I28: 75 g. / 2 times
A29: 4 | C29: เคมีภัณฑ์-น้ำยาดัด | D29: BB-704 | E29: ผงผสมน้ำยาดัดเย็น Down Perm ปริมาณ 100g ( | F29: 100g
E30: BB-703 No.1 : BB-704 (2:1) (Powder ใช้เท่าเดิม ปริมาณ No.1 ขึ้นอยู่กับสูตร) | G30: 20 : 10 g. / 10 times | H30: 20 : 10 g. / 10 times | I30: 20 : 10 g. / 10 times
E31: BB-703 No.1 : BB-704 (3:1) (Powder ใช้เท่าเดิม ปริมาณ No.1 ขึ้นอยู่กับสูตร) | G31: 30 : 10 g. / 10 times | H31: 30 : 10 g. / 10 times | I31: 30 : 10 g. / 10 times
A32: 5 | C32: เคมีภัณฑ์-เชื่อมแกน | D32: ANG-410 | E32: L'ANGEL Bond Creator บอนด์ ครีเอเตอร์ โปรเฟสชั่นนอล ซาลอน คิต ปริมาณ 300x3มล. ANG-410 | F32: 300mlx3
E33: Bleaching (1:10) | G33: 25 ml | H33: 35 ml | I33: 45 ml
E34: Hair Color 1:10) | G34: 10-15 ml | H34: 25-30 ml | I34: 30-40 ml
E35: Treament (1:10) | G35: 4 ml | H35: 6 ml | I35: 8 ml
A36: 5 | C36: เคมีภัณฑ์-เคราติน | D36: ANG-613 | E36: L'ANGEL SMART KERATIN แอลแองเจล สมาร์ท เคราติน แชมพู+ทรีทเมนต์ 258 ml.x2 รุ่น ANG-613 | F36: 258ml.x2 | G36: 40 g. / 6 times | H36: 60 g. / 4 times | I36: 80 g. / 3 times
A37: 5 | C37: เคมีภัณฑ์-น้ำยายืด | D37: ANG-109 | E37: L'ANGEL แอลแองเจล ชุดครีมยืดผมถาวร สูตรชาเขียว สำหรับผมไม่เคยทำเคมี ANG-109 | F37: 600ml | G37: 100 g. / 6 times | H37: 150 g. / 4 times | I37: 200 g. / 3 times
A38: 5 | C38: เคมีภัณฑ์-น้ำยายืด | D38: ANG-110 | E38: L'ANGEL แอลแองเจล ชุดครีมยืดผมถาวร สูตรอโรม่า สำหรับผมที่ผ่านการทำเคมีมาก่อน ANG-110 | F38: 600ml | G38: 100 g. / 6 times | H38: 150 g. / 4 times | I38: 200 g. / 3 times
A39: 5 | C39: ทรีทเมนท์ | D39: ANG-608 | E39: L'ANGEL Perfect Keratin เพอร์เฟ็ค เคราติน แชมพู+ครีมนวด 258ml.x2 กล่องขาว ANG-608 | F39: 258ml.x2
E40: Shampoo | G40: 10 g. / 25 times | H40: 15 g. / 25 times | I40: 20 g. / 13 times
E41: Conditioner | G41: 20 g. / 13 times | H41: 30 g. / 8 times | I41: 40 g. / 6 times
A42: 5 | C42: ทรีทเมนท์ | D42: ANG-606 | E42: L'ANGEL ARGANIC COLOR & DAMAGED HAIR SHAMPOO แชมพูอาร์แกนิค ปริมาณ 268 มล. | F42: 268ml. | G42: 10 g. / 26 times | H42: 15 g. / 17 times | I42: 20 g. / 13 times
A43: 5 | C43: ทรีทเมนท์ | D43: ANG-209 | E43: L'ANGEL ARGANIC HAIR MASQUE แฮร์มาส์ก มาร์กบำรุงผม สูตรสำหรับผมทำสีและแห้งเสีย 500 ml. ANG-209 | F43: 500ml | G43: 25 ml. / 20 times | H43: 30 ml. / 16 times | I43: 40 g. / 12 times
A44: 6 | C44: ทรีทเมนท์ | D44: ANG-303 | E44: L'ANGEL Boost Up สูตรบำรุงหนังศีรษะ 10ml.x12 0.382g. รหัสสินค้า ANG-303 | F44: 10ml.x12 | G44: 10 ml. / 1 time | H44: 10 g. / 1 time | I44: 10 g. / 1 time
A45: 6 | C45: ทรีทเมนท์ | D45: ANG-304 | E45: L'ANGEL Boost Up สูตรควบคุมความมัน 10mlx12 0.385g. รหัสสินค้า ANG-304 | F45: 10ml.x12 | G45: 10 ml. / 1 time | H45: 10 g. / 1 time | I45: 10 g. / 1 time
A46: 6 | C46: ทรีทเมนท์ | D46: ANG-305 | E46: L'ANGEL Boost Up สูตรป้องกันรังแค 10ml.x12 0.385g. รหัสสินค้า ANG-305 | F46: 10ml.x12 | G46: 10 ml. / 1 time | H46: 10 g. / 1 time | I46: 10 g. / 1 time

Sheet PD-Master
L1: ระดับราคา
A2: รหัสสินค้า | B2: แบรนด์ | C2: ประเภทสินค้า | D2: ชื่อสินค้า (TH) | E2: จุดเด่นสินค้า | F2: 1 ลังมีกี่ชิ้น | G2: Barcode | H2: อย | I2: มอก | J2: น้ำหนัก+นนกล่อง (กรัม) | K2: ขนาด กxยxส | L2: ราคาส่ง | M2: ราคา+10% | N2: ราคาปลีกออนไลน์ | O2: ค่าแพคกิ้ง | P2: ค่าลับคม | Q2: ค่าฝา
A3: BB-516 | B3: Barber Brain (บาร์เบอร์ เบรน) | C3: =IFERROR(VLOOKUP(A3,data!A:G,7,FALSE),"") -> Grooming - ผลิตภัณพ์จัดแต่งทรงผมและหนวด | D3: =IFERROR(VLOOKUP(A3,data!A:D,4,FALSE),"") -> Barber Brain Prime Hair Spray สเปรย์น้ำนมกันความร้อน สร้างวอลลุ่มยกโคนผม | G3: =IFERROR(VLOOKUP(A3,data!A:V,22,FALSE),"") -> 8858890800420 | J3: =IFERROR(VLOOKUP(A3,'dataนน'!A:F,6,FALSE),"") | K3: =IFERROR(VLOOKUP(A3,'dataนน'!A:G,7,FALSE),"") | L3: 150 | M3: 165 | N3: 199 | O3: 10 | Q3: =IFERROR(VLOOKUP(A3,'data-ค่าฝา'!B:G,6,FALSE),"")
A4: BB-511 | B4: Barber Brain (บาร์เบอร์ เบรน) | C4: =IFERROR(VLOOKUP(A4,data!A:G,7,FALSE),"") -> Grooming - ผลิตภัณพ์จัดแต่งทรงผมและหนวด | D4: =IFERROR(VLOOKUP(A4,data!A:D,4,FALSE),"") -> Barber Brain x Haris Styling Curl Control Cream for men ผลิตภัณฑ์จัดแต่งทรงผม 150 ml. รหัสสินค้า BB-511 | G4: =IFERROR(VLOOKUP(A4,data!A:V,22,FALSE),"") -> 8858890732486 | J4: =IFERROR(VLOOKUP(A4,'dataนน'!A:F,6,FALSE),"") | K4: =IFERROR(VLOOKUP(A4,'dataนน'!A:G,7,FALSE),"") | L4: 165 | M4: 180 | N4: 240 | O4: 10 | Q4: =IFERROR(VLOOKUP(A4,'data-ค่าฝา'!B:G,6,FALSE),"")
A5: BB-503 | B5: Barber Brain (บาร์เบอร์ เบรน) | C5: =IFERROR(VLOOKUP(A5,data!A:G,7,FALSE),"") -> Grooming - ผลิตภัณพ์จัดแต่งทรงผมและหนวด | D5: =IFERROR(VLOOKUP(A5,data!A:D,4,FALSE),"") -> บาร์เบอร์ เบรน ผลิตภัณฑ์จัดแต่งทรงผม โพเมด สูตรเงา รุ่น BB-503 | F5: 36 | G5: =IFERROR(VLOOKUP(A5,data!A:V,22,FALSE),"") -> 8858890715038 | J5: =IFERROR(VLOOKUP(A5,'dataนน'!A:F,6,FALSE),"") -> 0.171 | K5: =IFERROR(VLOOKUP(A5,'dataนน'!A:G,7,FALSE),"") -> 80 กรัม | L5: 150 | M5: 165 | N5: 240 | O5: 10 | Q5: =IFERROR(VLOOKUP(A5,'data-ค่าฝา'!B:G,6,FALSE),"") -> 10
A6: BB-507 | B6: Barber Brain (บาร์เบอร์ เบรน) | C6: =IFERROR(VLOOKUP(A6,data!A:G,7,FALSE),"") -> Grooming - ผลิตภัณพ์จัดแต่งทรงผมและหนวด | D6: =IFERROR(VLOOKUP(A6,data!A:D,4,FALSE),"") -> บาร์เบอร์ เบรน ผลิตภัณฑ์จัดแต่งทรงผม โพเมด สูตรแข็ง BB-507 | F6: 36 | G6: =IFERROR(VLOOKUP(A6,data!A:V,22,FALSE),"") -> 8858890715076 | J6: =IFERROR(VLOOKUP(A6,'dataนน'!A:F,6,FALSE),"") -> 0.171 | K6: =IFERROR(VLOOKUP(A6,'dataนน'!A:G,7,FALSE),"") -> 80 กรัม | L6: 230 | M6: 235 | N6: 240 | O6: 10 | Q6: =IFERROR(VLOOKUP(A6,'data-ค่าฝา'!B:G,6,FALSE),"") -> 15
A7: BB-509 | B7: Barber Brain (บาร์เบอร์ เบรน) | C7: =IFERROR(VLOOKUP(A7,data!A:G,7,FALSE),"") -> Grooming - ผลิตภัณพ์จัดแต่งทรงผมและหนวด | D7: =IFERROR(VLOOKUP(A7,data!A:D,4,FALSE),"") -> บาร์เบอร์ เบรน ผลิตภัณฑ์จัดแต่งทรงผม แฮร์ แว๊กซ์ รุ่น BB-509 | F7: 36 | G7: =IFERROR(VLOOKUP(A7,data!A:V,22,FALSE),"") -> 8858890715090 | J7: =IFERROR(VLOOKUP(A7,'dataนน'!A:F,6,FALSE),"") -> 0.176 | K7: =IFERROR(VLOOKUP(A7,'dataนน'!A:G,7,FALSE),"") -> 80 กรัม | L7: 170 | M7: 185 | N7: 240 | O7: 10 | Q7: =IFERROR(VLOOKUP(A7,'data-ค่าฝา'!B:G,6,FALSE),"") -> 10
A8: BB-702 | B8: Barber Brain (บาร์เบอร์ เบรน) | C8: =IFERROR(VLOOKUP(A8,data!A:G,7,FALSE),"") -> Grooming - ผลิตภัณพ์จัดแต่งทรงผมและหนวด | D8: =IFERROR(VLOOKUP(A8,data!A:D,4,FALSE),"") -> บาร์เบอร์ เบรน เท็คเจอร์ & วอลลุ่ม แฮร์ สเปรย์ BB-702 | F8: 48 | G8: =IFERROR(VLOOKUP(A8,data!A:V,22,FALSE),"") -> 8858890717025 | J8: =IFERROR(VLOOKUP(A8,'dataนน'!A:F,6,FALSE),"") -> 0.296 | K8: =IFERROR(VLOOKUP(A8,'dataนน'!A:G,7,FALSE),"") -> 200 ml | L8: 165 | M8: 180 | N8: 199 | O8: 10 | Q8: =IFERROR(VLOOKUP(A8,'data-ค่าฝา'!B:G,6,FALSE),"") -> 10
A9: BB-517 | B9: Barber Brain (บาร์เบอร์ เบรน) | C9: =IFERROR(VLOOKUP(A9,data!A:G,7,FALSE),"") -> Grooming - ผลิตภัณพ์จัดแต่งทรงผมและหนวด | D9: =IFERROR(VLOOKUP(A9,data!A:D,4,FALSE),"") -> BB-517 บาร์เบอร์เบรน ดัสท์ พาวเดอร์ 4g สเปรย์ชนิดแป้งยกโคนผม | G9: =IFERROR(VLOOKUP(A9,data!A:V,22,FALSE),"") -> 8858890798802 | J9: =IFERROR(VLOOKUP(A9,'dataนน'!A:F,6,FALSE),"") | K9: =IFERROR(VLOOKUP(A9,'dataนน'!A:G,7,FALSE),"") | L9: 120 | M9: 130 | N9: 165 | O9: 10 | Q9: =IFERROR(VLOOKUP(A9,'data-ค่าฝา'!B:G,6,FALSE),"") -> 5
A10: BB-510 | B10: Barber Brain (บาร์เบอร์ เบรน) | C10: =IFERROR(VLOOKUP(A10,data!A:G,7,FALSE),"") -> Grooming - ผลิตภัณพ์จัดแต่งทรงผมและหนวด | D10: =IFERROR(VLOOKUP(A10,data!A:D,4,FALSE),"") -> BB-510 บาร์เบอร์เบรน ซิลเวอร์ เบลด เซฟ เจล ปริมาณ 140ml. | G10: =IFERROR(VLOOKUP(A10,data!A:V,22,FALSE),"") -> 8858890711061 | J10: =IFERROR(VLOOKUP(A10,'dataนน'!A:F,6,FALSE),"") -> 0.19 | K10: =IFERROR(VLOOKUP(A10,'dataนน'!A:G,7,FALSE),"") -> 180 กรัม | L10: 110 | M10: 120 | N10: 150 | O10: 10 | Q10: =IFERROR(VLOOKUP(A10,'data-ค่าฝา'!B:G,6,FALSE),"")
A11: BB-512 | B11: Barber Brain (บาร์เบอร์ เบรน) | C11: =IFERROR(VLOOKUP(A11,data!A:G,7,FALSE),"") -> Grooming - ผลิตภัณพ์จัดแต่งทรงผมและหนวด | D11: =IFERROR(VLOOKUP(A11,data!A:D,4,FALSE),"") -> ผลิตภัณฑ์สำหรับโกนหนวด บาร์เบอร์ เบรน ซิลเวอร์ เบลด เชฟวิ่ง ครีม BB-512 | G11: =IFERROR(VLOOKUP(A11,data!A:V,22,FALSE),"") -> 8858890732509 | J11: =IFERROR(VLOOKUP(A11,'dataนน'!A:F,6,FALSE),"") | K11: =IFERROR(VLOOKUP(A11,'dataนน'!A:G,7,FALSE),"") | L11: 170 | M11: 185 | N11: 250 | O11: 10 | Q11: =IFERROR(VLOOKUP(A11,'data-ค่าฝา'!B:G,6,FALSE),"")
A12: BB-513 | B12: Barber Brain (บาร์เบอร์ เบรน) | C12: =IFERROR(VLOOKUP(A12,data!A:G,7,FALSE),"") -> Grooming - ผลิตภัณพ์จัดแต่งทรงผมและหนวด | D12: =IFERROR(VLOOKUP(A12,data!A:D,4,FALSE),"") -> BB-513 after shave | G12: =IFERROR(VLOOKUP(A12,data!A:V,22,FALSE),"") -> 8858890732516 | J12: =IFERROR(VLOOKUP(A12,'dataนน'!A:F,6,FALSE),"") | K12: =IFERROR(VLOOKUP(A12,'dataนน'!A:G,7,FALSE),"") | L12: 140 | M12: 155 | N12: 190 | O12: 10 | Q12: =IFERROR(VLOOKUP(A12,'data-ค่าฝา'!B:G,6,FALSE),"")
A13: BB-703 | B13: Barber Brain (บาร์เบอร์ เบรน) | C13: =IFERROR(VLOOKUP(A13,data!A:G,7,FALSE),"") -> Chemical - เคมีภัณฑ์ | D13: =IFERROR(VLOOKUP(A13,data!A:D,4,FALSE),"") -> ชุดเจลน้ำยาดัดเย็น BB-703 และผง Down Perm BB-704 | G13: =IFERROR(VLOOKUP(A13,data!A:V,22,FALSE),"") -> 8858890712495 | J13: =IFERROR(VLOOKUP(A13,'dataนน'!A:F,6,FALSE),"") | K13: =IFERROR(VLOOKUP(A13,'dataนน'!A:G,7,FALSE),"") | L13: 125 | M13: 140 | N13: 250 | O13: 10 | Q13: =IFERROR(VLOOKUP(A13,'data-ค่าฝา'!B:G,6,FALSE),"") -> 10
A14: BB-704 | B14: Barber Brain (บาร์เบอร์ เบรน) | C14: =IFERROR(VLOOKUP(A14,data!A:G,7,FALSE),"") -> Chemical - เคมีภัณฑ์ | D14: =IFERROR(VLOOKUP(A14,data!A:D,4,FALSE),"") -> ผงผสมน้ำยาดัดเย็น Down Perm Powder BB-704 | G14: =IFERROR(VLOOKUP(A14,data!A:V,22,FALSE),"") -> 8858890732523 | J14: =IFERROR(VLOOKUP(A14,'dataนน'!A:F,6,FALSE),"") | K14: =IFERROR(VLOOKUP(A14,'dataนน'!A:G,7,FALSE),"") | L14: 25 | M14: 30 | N14: 50 | O14: 10 | Q14: =IFERROR(VLOOKUP(A14,'data-ค่าฝา'!B:G,6,FALSE),"")
A15: BB-514 | B15: Barber Brain (บาร์เบอร์ เบรน) | C15: =IFERROR(VLOOKUP(A15,data!A:G,7,FALSE),"") -> Grooming - ผลิตภัณพ์จัดแต่งทรงผมและหนวด | D15: =IFERROR(VLOOKUP(A15,data!A:D,4,FALSE),"") -> BB-514 บาร์เบอร์เบรน มูส กรูมมิ่ง ทอนนิค 100ml | G15: =IFERROR(VLOOKUP(A15,data!A:V,22,FALSE),"") -> 8858890798499 | J15: =IFERROR(VLOOKUP(A15,'dataนน'!A:F,6,FALSE),"") | K15: =IFERROR(VLOOKUP(A15,'dataนน'!A:G,7,FALSE),"") | L15: 120 | M15: 130 | N15: 240 | O15: 10 | Q15: =IFERROR(VLOOKUP(A15,'data-ค่าฝา'!B:G,6,FALSE),"")
A16: BB-515 | B16: Barber Brain (บาร์เบอร์ เบรน) | C16: =IFERROR(VLOOKUP(A16,data!A:G,7,FALSE),"") -> Grooming - ผลิตภัณพ์จัดแต่งทรงผมและหนวด | D16: =IFERROR(VLOOKUP(A16,data!A:D,4,FALSE),"") -> BB-515 pre shave | G16: =IFERROR(VLOOKUP(A16,data!A:V,22,FALSE),"") -> 8858890798666 | J16: =IFERROR(VLOOKUP(A16,'dataนน'!A:F,6,FALSE),"") | K16: =IFERROR(VLOOKUP(A16,'dataนน'!A:G,7,FALSE),"") | L16: 170 | M16: 185 | N16: 250 | O16: 10 | Q16: =IFERROR(VLOOKUP(A16,'data-ค่าฝา'!B:G,6,FALSE),"")
A17: BB-111 | B17: Barber Brain (บาร์เบอร์ เบรน) | C17: =IFERROR(VLOOKUP(A17,data!A:G,7,FALSE),"") -> Electrical Equipment - อุปกรณ์ไฟฟ้า | D17: =IFERROR(VLOOKUP(A17,data!A:D,4,FALSE),"") -> ปัตตาเลี่ยนไร้สาย Barber Brain รุ่น Stella BB-111 | E17: ปัตตาเลี่ยนขึ้นทรง,ปัตตาเลี่ยนเฟด(Fade),ไร้สาย | F17: 12 | G17: =IFERROR(VLOOKUP(A17,data!A:V,22,FALSE),"") -> 8858890799557 | J17: =IFERROR(VLOOKUP(A17,'dataนน'!A:F,6,FALSE),"") | K17: =IFERROR(VLOOKUP(A17,'dataนน'!A:G,7,FALSE),"") | L17: 1350 | M17: 1485 | N17: 1950 | O17: 10 | Q17: =IFERROR(VLOOKUP(A17,'data-ค่าฝา'!B:G,6,FALSE),"") -> 80
A18: BB-112 | B18: Barber Brain (บาร์เบอร์ เบรน) | C18: =IFERROR(VLOOKUP(A18,data!A:G,7,FALSE),"") -> Electrical Equipment - อุปกรณ์ไฟฟ้า | D18: =IFERROR(VLOOKUP(A18,data!A:D,4,FALSE),"") -> Barber Brain Trimmer ปัตตาเลี่ยนกันขอบไร้สาย รุ่น Stella BB-112 | F18: 12 | G18: =IFERROR(VLOOKUP(A18,data!A:V,22,FALSE),"") -> 8858890799786 | J18: =IFERROR(VLOOKUP(A18,'dataนน'!A:F,6,FALSE),"") | K18: =IFERROR(VLOOKUP(A18,'dataนน'!A:G,7,FALSE),"") | L18: 1000 | M18: 1100 | N18: 1350 | O18: 10 | Q18: =IFERROR(VLOOKUP(A18,'data-ค่าฝา'!B:G,6,FALSE),"") -> 80
A19: BB-108 | B19: Barber Brain (บาร์เบอร์ เบรน) | C19: =IFERROR(VLOOKUP(A19,data!A:G,7,FALSE),"") -> Electrical Equipment - อุปกรณ์ไฟฟ้า | D19: =IFERROR(VLOOKUP(A19,data!A:D,4,FALSE),"") -> ปัตตาเลี่ยนไร้สาย BB-108 แถมหวีรองซอย BB-106-06 | E19: ปัตตาเลี่ยนเฟด(Fade),ไร้สาย | F19: 20 | G19: =IFERROR(VLOOKUP(A19,data!A:V,22,FALSE),"") -> 8588890721172 | J19: =IFERROR(VLOOKUP(A19,'dataนน'!A:F,6,FALSE),"") -> 0.05 | K19: =IFERROR(VLOOKUP(A19,'dataนน'!A:G,7,FALSE),"") | L19: 1050 | M19: 1155 | N19: 1450 | O19: 10 | Q19: =IFERROR(VLOOKUP(A19,'data-ค่าฝา'!B:G,6,FALSE),"") -> 50
A20: BB-110 | B20: Barber Brain (บาร์เบอร์ เบรน) | C20: =IFERROR(VLOOKUP(A20,data!A:G,7,FALSE),"") -> Electrical Equipment - อุปกรณ์ไฟฟ้า | D20: =IFERROR(VLOOKUP(A20,data!A:D,4,FALSE),"") -> ปัตตาเลี่ยน BB-110 แถมหวี BB-106-06 และรองฟัน BB-103 | E20: ปัตตาเลี่ยนขึ้นทรง,ไร้สาย | F20: 20 | G20: =IFERROR(VLOOKUP(A20,data!A:V,22,FALSE),"") -> 8858890721220 | J20: =IFERROR(VLOOKUP(A20,'dataนน'!A:F,6,FALSE),"") -> 0.85 | K20: =IFERROR(VLOOKUP(A20,'dataนน'!A:G,7,FALSE),"") | L20: 1050 | M20: 1155 | N20: 1500 | O20: 10 | Q20: =IFERROR(VLOOKUP(A20,'data-ค่าฝา'!B:G,6,FALSE),"") -> 50
A21: BB-100 | B21: Barber Brain (บาร์เบอร์ เบรน) | C21: =IFERROR(VLOOKUP(A21,data!A:G,7,FALSE),"") -> Electrical Equipment - อุปกรณ์ไฟฟ้า | D21: =IFERROR(VLOOKUP(A21,data!A:D,4,FALSE),"") -> บาร์เบอร์เบรนปัตตาเลี่ยน T-Blade ไร้สาย BB-100 | F21: 24 | G21: =IFERROR(VLOOKUP(A21,data!A:V,22,FALSE),"") -> 8858890721077 | J21: =IFERROR(VLOOKUP(A21,'dataนน'!A:F,6,FALSE),"") -> 0.05 | K21: =IFERROR(VLOOKUP(A21,'dataนน'!A:G,7,FALSE),"") | L21: 420 | M21: 460 | N21: 750 | O21: 10 | P21: 65 | Q21: =IFERROR(VLOOKUP(A21,'data-ค่าฝา'!B:G,6,FALSE),"") -> 20
A22: BB-103 | B22: Barber Brain (บาร์เบอร์ เบรน) | C22: =IFERROR(VLOOKUP(A22,data!A:G,7,FALSE),"") -> Electrical Equipment - อุปกรณ์ไฟฟ้า | D22: =IFERROR(VLOOKUP(A22,data!A:D,4,FALSE),"") -> รองฟัน BB-103 | G22: =IFERROR(VLOOKUP(A22,data!A:V,22,FALSE),"") -> 8858890796501 | J22: =IFERROR(VLOOKUP(A22,'dataนน'!A:F,6,FALSE),"") -> 0.05 | K22: =IFERROR(VLOOKUP(A22,'dataนน'!A:G,7,FALSE),"") -> เบอร์ 0.5 หนา 5 , 1.5 หนา 4.6 | L22: 75 | M22: 85 | N22: 200 | O22: 10 | Q22: =IFERROR(VLOOKUP(A22,'data-ค่าฝา'!B:G,6,FALSE),"")
A23: BB-103/A | B23: Barber Brain (บาร์เบอร์ เบรน) | C23: =IFERROR(VLOOKUP(A23,data!A:G,7,FALSE),"") | D23: =IFERROR(VLOOKUP(A23,data!A:D,4,FALSE),"") | G23: =IFERROR(VLOOKUP(A23,data!A:V,22,FALSE),"") | J23: =IFERROR(VLOOKUP(A23,'dataนน'!A:F,6,FALSE),"") | K23: =IFERROR(VLOOKUP(A23,'dataนน'!A:G,7,FALSE),"") | L23: 38 | M23: 40 | N23: 150 | O23: 10 | Q23: =IFERROR(VLOOKUP(A23,'data-ค่าฝา'!B:G,6,FALSE),"")
A24: BB-104 | B24: Barber Brain (บาร์เบอร์ เบรน) | C24: =IFERROR(VLOOKUP(A24,data!A:G,7,FALSE),"") -> Electrical Equipment - อุปกรณ์ไฟฟ้า | D24: =IFERROR(VLOOKUP(A24,data!A:D,4,FALSE),"") -> BARBER BRAIN รองฟันปัตตาเลี่ยน ชนิดแม่เหล็ก รุ่น BB-104 | G24: =IFERROR(VLOOKUP(A24,data!A:V,22,FALSE),"") -> 8858890793364 | J24: =IFERROR(VLOOKUP(A24,'dataนน'!A:F,6,FALSE),"") -> 0.05 | K24: =IFERROR(VLOOKUP(A24,'dataนน'!A:G,7,FALSE),"") -> เบอร์ 0-4 ขนาด 1.5-13 mm. | L24: 140 | M24: 155 | N24: 250 | O24: 10 | Q24: =IFERROR(VLOOKUP(A24,'data-ค่าฝา'!B:G,6,FALSE),"")
A25: ZM-BB-111/4 | B25: Barber Brain (บาร์เบอร์ เบรน) | C25: =IFERROR(VLOOKUP(A25,data!A:G,7,FALSE),"") -> Replacement Parts - ชิ้นส่วนอะไหล่ | D25: =IFERROR(VLOOKUP(A25,data!A:D,4,FALSE),"") -> ชุดฟันปัตตาเลี่ยน Stella | G25: =IFERROR(VLOOKUP(A25,data!A:V,22,FALSE),"") -> 8858890799601 | J25: =IFERROR(VLOOKUP(A25,'dataนน'!A:F,6,FALSE),"") | K25: =IFERROR(VLOOKUP(A25,'dataนน'!A:G,7,FALSE),"") | L25: 210 | M25: 230 | N25: 300 | O25: 10 | Q25: =IFERROR(VLOOKUP(A25,'data-ค่าฝา'!B:G,6,FALSE),"")
A26: VAL-64 | B26: Barber Brain (บาร์เบอร์ เบรน) | C26: =IFERROR(VLOOKUP(A26,data!A:G,7,FALSE),"") -> Hair Scissors - กรรไกรตัดซอย | D26: Barber Brain Black Beast Barber Scissors 6.5" | E26: 6.5" | G26: =IFERROR(VLOOKUP(A26,data!A:V,22,FALSE),"") -> 8858890761042 | J26: =IFERROR(VLOOKUP(A26,'dataนน'!A:F,6,FALSE),"") -> 0.145 | K26: =IFERROR(VLOOKUP(A26,'dataนน'!A:G,7,FALSE),"") -> 6.5 นิ้ว | L26: 315 | M26: 345 | N26: 450 | O26: 10 | Q26: =IFERROR(VLOOKUP(A26,'data-ค่าฝา'!B:G,6,FALSE),"")
A27: VAL-65 | B27: Barber Brain (บาร์เบอร์ เบรน) | C27: =IFERROR(VLOOKUP(A27,data!A:G,7,FALSE),"") -> Hair Scissors - กรรไกรตัดซอย | D27: Barber Brain Black Beast Thinning Scissor 6" | E27: 6" | G27: =IFERROR(VLOOKUP(A27,data!A:V,22,FALSE),"") -> 8858890761059 | J27: =IFERROR(VLOOKUP(A27,'dataนน'!A:F,6,FALSE),"") -> 0.145 | K27: =IFERROR(VLOOKUP(A27,'dataนน'!A:G,7,FALSE),"") -> 6.5 นิ้ว | L27: 325 | M27: 360 | N27: 450 | O27: 10 | Q27: =IFERROR(VLOOKUP(A27,'data-ค่าฝา'!B:G,6,FALSE),"")
A28: VAL-66 | B28: Barber Brain (บาร์เบอร์ เบรน) | C28: =IFERROR(VLOOKUP(A28,data!A:G,7,FALSE),"") -> Hair Scissors - กรรไกรตัดซอย | D28: =IFERROR(VLOOKUP(A28,data!A:D,4,FALSE),"") -> BARBER SCISSORS กรรไกรตัดมือซ้าย 6.5 | E28: 6.5" | G28: =IFERROR(VLOOKUP(A28,data!A:V,22,FALSE),"") -> 8858890761066 | J28: =IFERROR(VLOOKUP(A28,'dataนน'!A:F,6,FALSE),"") -> 0.14 | K28: =IFERROR(VLOOKUP(A28,'dataนน'!A:G,7,FALSE),"") -> 6 นิ้ว | L28: 320 | M28: 350 | N28: 450 | O28: 10 | Q28: =IFERROR(VLOOKUP(A28,'data-ค่าฝา'!B:G,6,FALSE),"")
A29: VAL-67 | B29: Barber Brain (บาร์เบอร์ เบรน) | C29: =IFERROR(VLOOKUP(A29,data!A:G,7,FALSE),"") -> Hair Scissors - กรรไกรตัดซอย | D29: =IFERROR(VLOOKUP(A29,data!A:D,4,FALSE),"") -> BARBER SCISSORS กรรไกรซอยมือซ้าย 6 | E29: 6" | G29: =IFERROR(VLOOKUP(A29,data!A:V,22,FALSE),"") -> 8858890761073 | J29: =IFERROR(VLOOKUP(A29,'dataนน'!A:F,6,FALSE),"") -> 0.135 | K29: =IFERROR(VLOOKUP(A29,'dataนน'!A:G,7,FALSE),"") -> 6 นิ้ว | L29: 320 | M29: 350 | N29: 450 | O29: 10 | Q29: =IFERROR(VLOOKUP(A29,'data-ค่าฝา'!B:G,6,FALSE),"")
A30: VAL-73 | B30: Barber Brain (บาร์เบอร์ เบรน) | C30: =IFERROR(VLOOKUP(A30,data!A:G,7,FALSE),"") -> Hair Scissors - กรรไกรตัดซอย | D30: =IFERROR(VLOOKUP(A30,data!A:D,4,FALSE),"") -> กรรไกรตัดผม 6.5 | E30: 6.5" | G30: =IFERROR(VLOOKUP(A30,data!A:V,22,FALSE),"") -> 8858890799823 | J30: =IFERROR(VLOOKUP(A30,'dataนน'!A:F,6,FALSE),"") | K30: =IFERROR(VLOOKUP(A30,'dataนน'!A:G,7,FALSE),"") | L30: 315 | M30: 345 | N30: 450 | O30: 10 | Q30: =IFERROR(VLOOKUP(A30,'data-ค่าฝา'!B:G,6,FALSE),"")
A31: VAL-74 | B31: Barber Brain (บาร์เบอร์ เบรน) | C31: =IFERROR(VLOOKUP(A31,data!A:G,7,FALSE),"") -> Hair Scissors - กรรไกรตัดซอย | D31: =IFERROR(VLOOKUP(A31,data!A:D,4,FALSE),"") -> กรรไกรฟันปลา 6 | E31: 6" | G31: =IFERROR(VLOOKUP(A31,data!A:V,22,FALSE),"") -> 8858890799830 | J31: =IFERROR(VLOOKUP(A31,'dataนน'!A:F,6,FALSE),"") | K31: =IFERROR(VLOOKUP(A31,'dataนน'!A:G,7,FALSE),"") | L31: 325 | M31: 360 | N31: 450 | O31: 10 | Q31: =IFERROR(VLOOKUP(A31,'data-ค่าฝา'!B:G,6,FALSE),"")
A32: ZP-A16015 | B32: Barber Brain (บาร์เบอร์ เบรน) | C32: =IFERROR(VLOOKUP(A32,data!A:G,7,FALSE),"") -> Apron - ผ้าคลุมและผ้ากันเปื้อน | D32: =IFERROR(VLOOKUP(A32,data!A:D,4,FALSE),"") -> บาร์เบอร์ เบรน เอี๊ยมช่างบาร์เบอร์ ผูกหลัง 0.401g. รหัสสินค้า ZP-A16015 | E32: 70x80cm | G32: =IFERROR(VLOOKUP(A32,data!A:V,22,FALSE),"") -> 8858890794804 | J32: =IFERROR(VLOOKUP(A32,'dataนน'!A:F,6,FALSE),"") -> 0.05 | K32: =IFERROR(VLOOKUP(A32,'dataนน'!A:G,7,FALSE),"") -> กว้าง 69 ซม. สูง 80 ซม. | L32: 400 | M32: 425 | N32: 435 | O32: 10 | Q32: =IFERROR(VLOOKUP(A32,'data-ค่าฝา'!B:G,6,FALSE),"")
A33: VAL-1516 | B33: Barber Brain (บาร์เบอร์ เบรน) | C33: =IFERROR(VLOOKUP(A33,data!A:G,7,FALSE),"") -> Apron - ผ้าคลุมและผ้ากันเปื้อน | D33: =IFERROR(VLOOKUP(A33,data!A:D,4,FALSE),"") -> ผ้าคลุม Stella VAL-1516 | E33: กันน้ำ 80% 145x160cm | G33: =IFERROR(VLOOKUP(A33,data!A:V,22,FALSE),"") -> 8858890799939 | J33: =IFERROR(VLOOKUP(A33,'dataนน'!A:F,6,FALSE),"") | K33: =IFERROR(VLOOKUP(A33,'dataนน'!A:G,7,FALSE),"") | L33: 150 | M33: 165 | N33: 190 | O33: 10 | Q33: =IFERROR(VLOOKUP(A33,'data-ค่าฝา'!B:G,6,FALSE),"")
A34: VAL-K099 | B34: Barber Brain (บาร์เบอร์ เบรน) | C34: =IFERROR(VLOOKUP(A34,data!A:G,7,FALSE),"") -> Apron - ผ้าคลุมและผ้ากันเปื้อน | D34: =IFERROR(VLOOKUP(A34,data!A:D,4,FALSE),"") -> BARBER BRAIN ผ้าคลุมซอยลายทหาร รุ่น VAL-K099 | E34: 135x150cm | G34: =IFERROR(VLOOKUP(A34,data!A:V,22,FALSE),"") -> 8858890796488 | J34: =IFERROR(VLOOKUP(A34,'dataนน'!A:F,6,FALSE),"") -> 0.05 | K34: =IFERROR(VLOOKUP(A34,'dataนน'!A:G,7,FALSE),"") -> กว้าง 118 ซม. สูง 145 ซม. | L34: 135 | M34: 150 | N34: 200 | O34: 10 | Q34: =IFERROR(VLOOKUP(A34,'data-ค่าฝา'!B:G,6,FALSE),"")
A35: VAL-K024 | B35: Barber Brain (บาร์เบอร์ เบรน) | C35: =IFERROR(VLOOKUP(A35,data!A:G,7,FALSE),"") -> Apron - ผ้าคลุมและผ้ากันเปื้อน | D35: =IFERROR(VLOOKUP(A35,data!A:D,4,FALSE),"") -> ผ้าคลุมซอยบาร์เบอร์ มีแขน บาร์เบอร์เบรนสีดำ 0.211g. รหัสสินค้า VAL-K024 | E35: 120x160cm | G35: =IFERROR(VLOOKUP(A35,data!A:V,22,FALSE),"") -> 8858890726041 | J35: =IFERROR(VLOOKUP(A35,'dataนน'!A:F,6,FALSE),"") -> 0.05 | K35: =IFERROR(VLOOKUP(A35,'dataนน'!A:G,7,FALSE),"") -> 164x123 ซม. | L35: 200 | M35: 220 | N35: 250 | O35: 10 | Q35: =IFERROR(VLOOKUP(A35,'data-ค่าฝา'!B:G,6,FALSE),"")
A36: VAL-1513 | B36: Barber Brain (บาร์เบอร์ เบรน) | C36: =IFERROR(VLOOKUP(A36,data!A:G,7,FALSE),"") -> Apron - ผ้าคลุมและผ้ากันเปื้อน | D36: =IFERROR(VLOOKUP(A36,data!A:D,4,FALSE),"") -> BARBER BRAIN CUTTING PINK APRON : ผ้าคลุมซอย บาร์เบอร์เบรน สีชมพู VAL-1513 | E36: 140x150cm | G36: =IFERROR(VLOOKUP(A36,data!A:V,22,FALSE),"") -> 88588907958522 | J36: =IFERROR(VLOOKUP(A36,'dataนน'!A:F,6,FALSE),"") -> 0.55 | K36: =IFERROR(VLOOKUP(A36,'dataนน'!A:G,7,FALSE),"") -> กว้าง 140 ซม. สูง 150 ซม. | L36: 150 | M36: 165 | N36: 190 | O36: 10 | Q36: =IFERROR(VLOOKUP(A36,'data-ค่าฝา'!B:G,6,FALSE),"")
A37: VAL-1510/W-1 | B37: Barber Brain (บาร์เบอร์ เบรน) | C37: =IFERROR(VLOOKUP(A37,data!A:G,7,FALSE),"") -> Apron - ผ้าคลุมและผ้ากันเปื้อน | D37: =IFERROR(VLOOKUP(A37,data!A:D,4,FALSE),"") -> Barber Brain ผ้าคลุมซอย VAL-1510/W-1 | E37: 120x140cm | G37: =IFERROR(VLOOKUP(A37,data!A:V,22,FALSE),"") -> 8858890795900 | J37: =IFERROR(VLOOKUP(A37,'dataนน'!A:F,6,FALSE),"") -> 0.55 | K37: =IFERROR(VLOOKUP(A37,'dataนน'!A:G,7,FALSE),"") -> 153x123 ซม. | L37: 84 | M37: 90 | N37: 120 | O37: 10 | Q37: =IFERROR(VLOOKUP(A37,'data-ค่าฝา'!B:G,6,FALSE),"")
A38: VAL-1510/W | B38: Barber Brain (บาร์เบอร์ เบรน) | C38: =IFERROR(VLOOKUP(A38,data!A:G,7,FALSE),"") -> Apron - ผ้าคลุมและผ้ากันเปื้อน | D38: =IFERROR(VLOOKUP(A38,data!A:D,4,FALSE),"") -> ผ้าคลุมซอย สกรีนโลโก้ Barber Brain สีขาว VAL-1510/W | E38: 120x140cm | G38: =IFERROR(VLOOKUP(A38,data!A:V,22,FALSE),"") -> 8858890794583 | J38: =IFERROR(VLOOKUP(A38,'dataนน'!A:F,6,FALSE),"") -> 0.55 | K38: =IFERROR(VLOOKUP(A38,'dataนน'!A:G,7,FALSE),"") | L38: 87.08 | M38: 95 | N38: 120 | O38: 10 | Q38: =IFERROR(VLOOKUP(A38,'data-ค่าฝา'!B:G,6,FALSE),"")
A39: VAL-1510/B-1 | B39: Barber Brain (บาร์เบอร์ เบรน) | C39: =IFERROR(VLOOKUP(A39,data!A:G,7,FALSE),"") -> Apron - ผ้าคลุมและผ้ากันเปื้อน | D39: =IFERROR(VLOOKUP(A39,data!A:D,4,FALSE),"") -> Barber Brain ผ้าคลุมซอย Barber Brain ผ้าคลุมซอย VAL-1510/B-1 | E39: 120x140cm | G39: =IFERROR(VLOOKUP(A39,data!A:V,22,FALSE),"") -> 8858890795917 | J39: =IFERROR(VLOOKUP(A39,'dataนน'!A:F,6,FALSE),"") -> 0.55 | K39: =IFERROR(VLOOKUP(A39,'dataนน'!A:G,7,FALSE),"") -> กว้าง 122 ซม. สูง 143 ซม. | L39: 84 | M39: 90 | N39: 120 | O39: 10 | Q39: =IFERROR(VLOOKUP(A39,'data-ค่าฝา'!B:G,6,FALSE),"")
... A42: VAL-1511/B | B42: Barber Brain (บาร์เบอร์ เบรน) | C42: =IFERROR(VLOOKUP(A42,data!A:G,7,FALSE),"") -> Apron - ผ้าคลุมและผ้ากันเปื้อน | D42: =IFERROR(VLOOKUP(A42,data!A:D,4,FALSE),"") -> ผ้าคลุมซอย บาร์เบอร์เบรน VAL-1511/B | E42: 135x150cm | G42: =IFERROR(VLOOKUP(A42,data!A:V,22,FALSE),"") -> 8858890795740 | J42: =IFERROR(VLOOKUP(A42,'dataนน'!A:F,6,FALSE),"") -> 0.55 | K42: =IFERROR(VLOOKUP(A42,'dataนน'!A:G,7,FALSE),"") -> กว้าง 135 ซม. สูง 150 ซม. | L42: 154 | M42: 170 | N42: 195 | O42: 10 | Q42: =IFERROR(VLOOKUP(A42,'data-ค่าฝา'!B:G,6,FALSE),"")
A43: VAL-52 | B43: Barber Brain (บาร์เบอร์ เบรน) | C43: =IFERROR(VLOOKUP(A43,data!A:G,7,FALSE),"") -> Comb and Brush - หวีและแปรง | D43: =IFERROR(VLOOKUP(A43,data!A:D,4,FALSE),"") -> BARBER BRAIN BOAR BRUSH แปรงปัดผม ขนหมูป่า รุ่น VAL-52 | G43: =IFERROR(VLOOKUP(A43,data!A:V,22,FALSE),"") -> 8858890782399 | J43: =IFERROR(VLOOKUP(A43,'dataนน'!A:F,6,FALSE),"") | K43: =IFERROR(VLOOKUP(A43,'dataนน'!A:G,7,FALSE),"") -> 5.5x17 ซม | L43: 100 | M43: 110 | N43: 135 | O43: 10 | Q43: =IFERROR(VLOOKUP(A43,'data-ค่าฝา'!B:G,6,FALSE),"")
A44: VAL-52A | B44: Barber Brain (บาร์เบอร์ เบรน) | C44: =IFERROR(VLOOKUP(A44,data!A:G,7,FALSE),"") -> Comb and Brush - หวีและแปรง | D44: =IFERROR(VLOOKUP(A44,data!A:D,4,FALSE),"") -> VINTAGE HORSE BRUSH แปรงปัดขนม้า รุ่น VAL-52A | G44: =IFERROR(VLOOKUP(A44,data!A:V,22,FALSE),"") -> 885889078242910 | J44: =IFERROR(VLOOKUP(A44,'dataนน'!A:F,6,FALSE),"") -> 0.05 | K44: =IFERROR(VLOOKUP(A44,'dataนน'!A:G,7,FALSE),"") -> 5.5x17 ซม | L44: 115 | M44: 125 | N44: 150 | O44: 10 | Q44: =IFERROR(VLOOKUP(A44,'data-ค่าฝา'!B:G,6,FALSE),"")
A45: VAL-53A | B45: Barber Brain (บาร์เบอร์ เบรน) | C45: =IFERROR(VLOOKUP(A45,data!A:G,7,FALSE),"") -> Comb and Brush - หวีและแปรง | D45: =IFERROR(VLOOKUP(A45,data!A:D,4,FALSE),"") -> VINTAGE HORSE BRUSH แปรงปัดขนม้า รุ่น VAL-53A | G45: =IFERROR(VLOOKUP(A45,data!A:V,22,FALSE),"") -> 8858890782436 | J45: =IFERROR(VLOOKUP(A45,'dataนน'!A:F,6,FALSE),"") -> 0.05 | K45: =IFERROR(VLOOKUP(A45,'dataนน'!A:G,7,FALSE),"") -> 4x21.5 ซม | L45: 115 | M45: 125 | N45: 150 | O45: 10 | Q45: =IFERROR(VLOOKUP(A45,'data-ค่าฝา'!B:G,6,FALSE),"")
A46: VLY-2004 | B46: Barber Brain (บาร์เบอร์ เบรน) | C46: =IFERROR(VLOOKUP(A46,data!A:G,7,FALSE),"") -> Other Equipment - อุปกรณ์อื่นๆ | D46: =IFERROR(VLOOKUP(A46,data!A:D,4,FALSE),"") -> BARBER BRAIN แปรงปัดเศษผมและแปรงไล่เฟดบาร์เบอร์ เบรน ขนสีดำ ขนาดเล็ก (VLY-2004) | G46: =IFERROR(VLOOKUP(A46,data!A:V,22,FALSE),"") -> 8858890782504 | J46: =IFERROR(VLOOKUP(A46,'dataนน'!A:F,6,FALSE),"") | K46: =IFERROR(VLOOKUP(A46,'dataนน'!A:G,7,FALSE),"") -> กว้าง 2.5 ซม. สูง 14.3 ซม. | L46: 28 | M46: 30 | N46: 60 | O46: 10 | Q46: =IFERROR(VLOOKUP(A46,'data-ค่าฝา'!B:G,6,FALSE),"")
A47: VAL-G14 | B47: Barber Brain (บาร์เบอร์ เบรน) | C47: =IFERROR(VLOOKUP(A47,data!A:G,7,FALSE),"") -> Comb and Brush - หวีและแปรง | D47: =IFERROR(VLOOKUP(A47,data!A:D,4,FALSE),"") -> Barber Brain HAIR BRUSH แปรงปัดผมขนไนล่อน รหัสสินค้า VAL-G14 | G47: =IFERROR(VLOOKUP(A47,data!A:V,22,FALSE),"") -> 8858890796648 | J47: =IFERROR(VLOOKUP(A47,'dataนน'!A:F,6,FALSE),"") | K47: =IFERROR(VLOOKUP(A47,'dataนน'!A:G,7,FALSE),"") | L47: 70 | M47: 75 | N47: 120 | O47: 10 | Q47: =IFERROR(VLOOKUP(A47,'data-ค่าฝา'!B:G,6,FALSE),"")
A48: PKY-2230 | B48: Barber Brain (บาร์เบอร์ เบรน) | C48: =IFERROR(VLOOKUP(A48,data!A:G,7,FALSE),"") -> Comb and Brush - หวีและแปรง | D48: =IFERROR(VLOOKUP(A48,data!A:D,4,FALSE),"") -> Barber Brain Comb หวีเซ็ตสไตล์วินเทจสีดำ รหัสสินค้า PKY-2230 | G48: =IFERROR(VLOOKUP(A48,data!A:V,22,FALSE),"") -> 8858890783105 | J48: =IFERROR(VLOOKUP(A48,'dataนน'!A:F,6,FALSE),"") | K48: =IFERROR(VLOOKUP(A48,'dataนน'!A:G,7,FALSE),"") | L48: 28 | M48: 30 | N48: 60 | O48: 10 | Q48: =IFERROR(VLOOKUP(A48,'data-ค่าฝา'!B:G,6,FALSE),"")
A49: VAL-M01 | B49: Barber Brain (บาร์เบอร์ เบรน) | C49: =IFERROR(VLOOKUP(A49,data!A:G,7,FALSE),"") -> Comb and Brush - หวีและแปรง | D49: =IFERROR(VLOOKUP(A49,data!A:D,4,FALSE),"") -> บาร์เบอร์ เบรน หวีเซ็ทผม 3 ด้าน ขนาดพกพา จัดแต่งทรงผม ร้านตัดผมชาย หวีช่างผม รหัสสินค้า VAL-M01 | G49: =IFERROR(VLOOKUP(A49,data!A:V,22,FALSE),"") -> 8858890782771 | J49: =IFERROR(VLOOKUP(A49,'dataนน'!A:F,6,FALSE),"") | K49: =IFERROR(VLOOKUP(A49,'dataนน'!A:G,7,FALSE),"") | L49: 30 | M49: 35 | N49: 55 | O49: 10 | Q49: =IFERROR(VLOOKUP(A49,'data-ค่าฝา'!B:G,6,FALSE),"")
A50: PH-A18002/A | B50: Barber Brain (บาร์เบอร์ เบรน) | C50: =IFERROR(VLOOKUP(A50,data!A:G,7,FALSE),"") -> Other Equipment - อุปกรณ์อื่นๆ | D50: =IFERROR(VLOOKUP(A50,data!A:D,4,FALSE),"") -> BARBER BRAIN บาร์เบอร์เบรน กระบอกฉีดน้ำหัวกระโหลก 500ml. รุ่น PH-A18002/A | G50: =IFERROR(VLOOKUP(A50,data!A:V,22,FALSE),"") -> 8858890795795 | J50: =IFERROR(VLOOKUP(A50,'dataนน'!A:F,6,FALSE),"") | K50: =IFERROR(VLOOKUP(A50,'dataนน'!A:G,7,FALSE),"") | L50: 50 | M50: 55 | N50: 100 | O50: 10 | Q50: =IFERROR(VLOOKUP(A50,'data-ค่าฝา'!B:G,6,FALSE),"")
A51: PH-A18002/C | B51: Barber Brain (บาร์เบอร์ เบรน) | C51: =IFERROR(VLOOKUP(A51,data!A:G,7,FALSE),"") -> Other Equipment - อุปกรณ์อื่นๆ | D51: =IFERROR(VLOOKUP(A51,data!A:D,4,FALSE),"") -> BARBER BRAIN บาร์เบอร์เบรน กระบอกฉีดน้ำหัวกระโหลก 500ml. รุ่น PH-A18002/C | G51: =IFERROR(VLOOKUP(A51,data!A:V,22,FALSE),"") -> 885889079579502 | J51: =IFERROR(VLOOKUP(A51,'dataนน'!A:F,6,FALSE),"") | K51: =IFERROR(VLOOKUP(A51,'dataนน'!A:G,7,FALSE),"") | L51: 50 | M51: 55 | N51: 100 | O51: 10 | Q51: =IFERROR(VLOOKUP(A51,'data-ค่าฝา'!B:G,6,FALSE),"")
A52: PH-A18002/G | B52: Barber Brain (บาร์เบอร์ เบรน) | C52: =IFERROR(VLOOKUP(A52,data!A:G,7,FALSE),"") -> Other Equipment - อุปกรณ์อื่นๆ | D52: =IFERROR(VLOOKUP(A52,data!A:D,4,FALSE),"") -> BARBER BRAIN บาร์เบอร์เบรน กระบอกฉีดน้ำหัวกระโหลก 500ml. รุ่น PH-A18002/G | G52: =IFERROR(VLOOKUP(A52,data!A:V,22,FALSE),"") -> 8858890798390 | J52: =IFERROR(VLOOKUP(A52,'dataนน'!A:F,6,FALSE),"") | K52: =IFERROR(VLOOKUP(A52,'dataนน'!A:G,7,FALSE),"") | L52: 50 | M52: 55 | N52: 100 | O52: 10 | Q52: =IFERROR(VLOOKUP(A52,'data-ค่าฝา'!B:G,6,FALSE),"")
A53: BB-45 | B53: Barber Brain (บาร์เบอร์ เบรน) | C53: =IFERROR(VLOOKUP(A53,data!A:G,7,FALSE),"") -> Other Equipment - อุปกรณ์อื่นๆ | D53: =IFERROR(VLOOKUP(A53,data!A:D,4,FALSE),"") -> กระดาษพันคอ | F53: 20 | G53: =IFERROR(VLOOKUP(A53,data!A:V,22,FALSE),"") -> 8858890800116 | J53: =IFERROR(VLOOKUP(A53,'dataนน'!A:F,6,FALSE),"") | K53: =IFERROR(VLOOKUP(A53,'dataนน'!A:G,7,FALSE),"") | L53: 45 | M53: 50 | N53: 135 | O53: 10 | Q53: =IFERROR(VLOOKUP(A53,'data-ค่าฝา'!B:G,6,FALSE),"")
A54: VAL-126 | B54: Barber Brain (บาร์เบอร์ เบรน) | C54: =IFERROR(VLOOKUP(A54,data!A:G,7,FALSE),"") -> Comb and Brush - หวีและแปรง | D54: =IFERROR(VLOOKUP(A54,data!A:D,4,FALSE),"") -> หวีไทย หวีรองซอย รุ่น version สีชมพู Limited edition มีจุดโดดเด่น VAL-126 | G54: =IFERROR(VLOOKUP(A54,data!A:V,22,FALSE),"") -> 8858890782511 | J54: =IFERROR(VLOOKUP(A54,'dataนน'!A:F,6,FALSE),"") -> 0.05 | K54: =IFERROR(VLOOKUP(A54,'dataนน'!A:G,7,FALSE),"") -> ใหญ่ขนาด 19x4 cm เล็ก 16x2.5 cm | L54: 35 | M54: 40 | N54: 150 | O54: 10 | Q54: =IFERROR(VLOOKUP(A54,'data-ค่าฝา'!B:G,6,FALSE),"")
A55: CFC-75339 | B55: Barber Brain (บาร์เบอร์ เบรน) | C55: =IFERROR(VLOOKUP(A55,data!A:G,7,FALSE),"") -> Comb and Brush - หวีและแปรง | D55: =IFERROR(VLOOKUP(A55,data!A:D,4,FALSE),"") -> บาร์เบอร์ เบรน หวีรองตัด สีดำ 0.026g. รหัสสินค้า CFC-75339 | G55: =IFERROR(VLOOKUP(A55,data!A:V,22,FALSE),"") -> 8858890782191 | J55: =IFERROR(VLOOKUP(A55,'dataนน'!A:F,6,FALSE),"") | K55: =IFERROR(VLOOKUP(A55,'dataนน'!A:G,7,FALSE),"") -> 20x3.5 ซม. | L55: 40 | M55: 45 | N55: 65 | O55: 10 | Q55: =IFERROR(VLOOKUP(A55,'data-ค่าฝา'!B:G,6,FALSE),"")
A56: CFC-70739 | B56: Barber Brain (บาร์เบอร์ เบรน) | C56: =IFERROR(VLOOKUP(A56,data!A:G,7,FALSE),"") -> Comb and Brush - หวีและแปรง | D56: =IFERROR(VLOOKUP(A56,data!A:D,4,FALSE),"") -> บาร์เบอร์ เบรน หวีบาร์เบอร์สำหรับขึ้นทรง สีดำ 0.044g. รหัสสินค้า CFC-70739 | G56: =IFERROR(VLOOKUP(A56,data!A:V,22,FALSE),"") -> 8858890782177 | J56: =IFERROR(VLOOKUP(A56,'dataนน'!A:F,6,FALSE),"") | K56: =IFERROR(VLOOKUP(A56,'dataนน'!A:G,7,FALSE),"") -> 20x4 ซม. | L56: 42 | M56: 45 | N56: 65 | O56: 10 | Q56: =IFERROR(VLOOKUP(A56,'data-ค่าฝา'!B:G,6,FALSE),"")
A57: ANG-001 | B57: L'Angel (แอลแองเจล) | C57: =IFERROR(VLOOKUP(A57,data!A:G,7,FALSE),"") -> Chemical - เคมีภัณฑ์ | D57: =IFERROR(VLOOKUP(A57,data!A:D,4,FALSE),"") -> น้ำยาย้อมผม เบอร์ 0.11 สีเทา ANG-001 | G57: =IFERROR(VLOOKUP(A57,data!A:V,22,FALSE),"") -> 8858890710019 | J57: =IFERROR(VLOOKUP(A57,'dataนน'!A:F,6,FALSE),"") -> 0.28 | K57: =IFERROR(VLOOKUP(A57,'dataนน'!A:G,7,FALSE),"") | L57: 55 | M57: =MROUND((L57*10%)+L57,5) -> 60 | N57: 75 | O57: 10 | Q57: =IFERROR(VLOOKUP(A57,'data-ค่าฝา'!B:G,6,FALSE),"") -> 10
A58: ANG-012 | B58: L'Angel (แอลแองเจล) | C58: =IFERROR(VLOOKUP(A58,data!A:G,7,FALSE),"") -> Chemical - เคมีภัณฑ์ | D58: =IFERROR(VLOOKUP(A58,data!A:D,4,FALSE),"") -> น้ำยาย้อมผม เบอร์ 9.1 สีบลอนด์อ่อนประกายเทา ANG-012 | G58: =IFERROR(VLOOKUP(A58,data!A:V,22,FALSE),"") -> 8858890710125 | J58: =IFERROR(VLOOKUP(A58,'dataนน'!A:F,6,FALSE),"") -> 0.28 | K58: =IFERROR(VLOOKUP(A58,'dataนน'!A:G,7,FALSE),"") | L58: 55 | M58: =MROUND((L58*10%)+L58,5) -> 60 | N58: 75 | O58: 10 | Q58: =IFERROR(VLOOKUP(A58,'data-ค่าฝา'!B:G,6,FALSE),"") -> 10
A59: ANG-018 | B59: L'Angel (แอลแองเจล) | C59: =IFERROR(VLOOKUP(A59,data!A:G,7,FALSE),"") -> Chemical - เคมีภัณฑ์ | D59: =IFERROR(VLOOKUP(A59,data!A:D,4,FALSE),"") -> น้ำยาย้อมผม เบอร์ 8.7 สีบลอนด์ประกายแดง ANG-018 | G59: =IFERROR(VLOOKUP(A59,data!A:V,22,FALSE),"") -> 8858890710187 | J59: =IFERROR(VLOOKUP(A59,'dataนน'!A:F,6,FALSE),"") -> 0.28 | K59: =IFERROR(VLOOKUP(A59,'dataนน'!A:G,7,FALSE),"") | L59: 55 | M59: =MROUND((L59*10%)+L59,5) -> 60 | N59: 75 | O59: 10 | Q59: =IFERROR(VLOOKUP(A59,'data-ค่าฝา'!B:G,6,FALSE),"") -> 10
A60: ANG-019 | B60: L'Angel (แอลแองเจล) | C60: =IFERROR(VLOOKUP(A60,data!A:G,7,FALSE),"") -> Chemical - เคมีภัณฑ์ | D60: =IFERROR(VLOOKUP(A60,data!A:D,4,FALSE),"") -> L'ANGEL Luxury Angelic Hair Color Cream น้ำยาย้อมผม เบอร์ 0.00 สีเคลียร์โทน ANG-019 | G60: =IFERROR(VLOOKUP(A60,data!A:V,22,FALSE),"") -> 8858890710194 | J60: =IFERROR(VLOOKUP(A60,'dataนน'!A:F,6,FALSE),"") -> 0.28 | K60: =IFERROR(VLOOKUP(A60,'dataนน'!A:G,7,FALSE),"") | L60: 55 | M60: =MROUND((L60*10%)+L60,5) -> 60 | N60: 75 | O60: 10 | Q60: =IFERROR(VLOOKUP(A60,'data-ค่าฝา'!B:G,6,FALSE),"") -> 10
A61: ANG-070 | B61: L'Angel (แอลแองเจล) | C61: =IFERROR(VLOOKUP(A61,data!A:G,7,FALSE),"") -> Chemical - เคมีภัณฑ์ | D61: =IFERROR(VLOOKUP(A61,data!A:D,4,FALSE),"") -> น้ำยาย้อมผม เบอร์ 8.1 สีบลอนด์อ่อน ANG-070 | G61: =IFERROR(VLOOKUP(A61,data!A:V,22,FALSE),"") -> 8858890710705 | J61: =IFERROR(VLOOKUP(A61,'dataนน'!A:F,6,FALSE),"") | K61: =IFERROR(VLOOKUP(A61,'dataนน'!A:G,7,FALSE),"") | L61: 55 | M61: =MROUND((L61*10%)+L61,5) -> 60 | N61: 75 | O61: 10 | Q61: =IFERROR(VLOOKUP(A61,'data-ค่าฝา'!B:G,6,FALSE),"") -> 10
A62: ANG-071 | B62: L'Angel (แอลแองเจล) | C62: =IFERROR(VLOOKUP(A62,data!A:G,7,FALSE),"") -> Chemical - เคมีภัณฑ์ | D62: =IFERROR(VLOOKUP(A62,data!A:D,4,FALSE),"") -> น้ำยาย้อมผม เบอร์ 10.0 สีแพตตินัม ANG-071 | G62: =IFERROR(VLOOKUP(A62,data!A:V,22,FALSE),"") -> 8858890710712 | J62: =IFERROR(VLOOKUP(A62,'dataนน'!A:F,6,FALSE),"") -> 0.28 | K62: =IFERROR(VLOOKUP(A62,'dataนน'!A:G,7,FALSE),"") | L62: 55 | M62: =MROUND((L62*10%)+L62,5) -> 60 | N62: 75 | O62: 10 | Q62: =IFERROR(VLOOKUP(A62,'data-ค่าฝา'!B:G,6,FALSE),"") -> 10
A63: ANG-081 | B63: L'Angel (แอลแองเจล) | C63: =IFERROR(VLOOKUP(A63,data!A:G,7,FALSE),"") -> Chemical - เคมีภัณฑ์ | D63: =IFERROR(VLOOKUP(A63,data!A:D,4,FALSE),"") -> L'ANGEL iCOLOR แอล แองเจล ไอคัลเลอร์ อเมทิสต์ (เบอร์ 1) สีม่วงอ่อน ANG-081 | G63: =IFERROR(VLOOKUP(A63,data!A:V,22,FALSE),"") -> 8858890710811 | J63: =IFERROR(VLOOKUP(A63,'dataนน'!A:F,6,FALSE),"") | K63: =IFERROR(VLOOKUP(A63,'dataนน'!A:G,7,FALSE),"") | L63: 75 | M63: 80 | N63: 80 | O63: 10 | Q63: =IFERROR(VLOOKUP(A63,'data-ค่าฝา'!B:G,6,FALSE),"") -> 10
A64: ANG-082 | B64: L'Angel (แอลแองเจล) | C64: =IFERROR(VLOOKUP(A64,data!A:G,7,FALSE),"") -> Chemical - เคมีภัณฑ์ | D64: =IFERROR(VLOOKUP(A64,data!A:D,4,FALSE),"") -> L'ANGEL iCOLOR แอล แองเจล ไอคัลเลอร์ ไวโอเล็ต (เบอร์ 2) สีม่วง ANG-082 | G64: =IFERROR(VLOOKUP(A64,data!A:V,22,FALSE),"") -> 8858890710828 | J64: =IFERROR(VLOOKUP(A64,'dataนน'!A:F,6,FALSE),"") | K64: =IFERROR(VLOOKUP(A64,'dataนน'!A:G,7,FALSE),"") | L64: 75 | M64: 80 | N64: 80 | O64: 10 | Q64: =IFERROR(VLOOKUP(A64,'data-ค่าฝา'!B:G,6,FALSE),"") -> 10
A65: ANG-084 | B65: L'Angel (แอลแองเจล) | C65: =IFERROR(VLOOKUP(A65,data!A:G,7,FALSE),"") -> Chemical - เคมีภัณฑ์ | D65: =IFERROR(VLOOKUP(A65,data!A:D,4,FALSE),"") -> L'ANGEL iCOLOR แอล แองเจล ไอคัลเลอร์ แลพิส (เบอร์ 4) น้ำเงิน ANG-084 | G65: =IFERROR(VLOOKUP(A65,data!A:V,22,FALSE),"") -> 8858890710842 | J65: =IFERROR(VLOOKUP(A65,'dataนน'!A:F,6,FALSE),"") -> 0.18 | K65: =IFERROR(VLOOKUP(A65,'dataนน'!A:G,7,FALSE),"") | L65: 75 | M65: 80 | N65: 80 | O65: 10 | Q65: =IFERROR(VLOOKUP(A65,'data-ค่าฝา'!B:G,6,FALSE),"") -> 10
A66: ANG-085 | B66: L'Angel (แอลแองเจล) | C66: =IFERROR(VLOOKUP(A66,data!A:G,7,FALSE),"") -> Chemical - เคมีภัณฑ์ | D66: =IFERROR(VLOOKUP(A66,data!A:D,4,FALSE),"") -> L'ANGEL iCOLOR แอล แองเจล ไอคัลเลอร์ แชมรอท (เบอร์ 5) สีเขียว ANG-085 | G66: =IFERROR(VLOOKUP(A66,data!A:V,22,FALSE),"") -> 8858890710859 | J66: =IFERROR(VLOOKUP(A66,'dataนน'!A:F,6,FALSE),"") -> 0.18 | K66: =IFERROR(VLOOKUP(A66,'dataนน'!A:G,7,FALSE),"") | L66: 75 | M66: 80 | N66: 80 | O66: 10 | Q66: =IFERROR(VLOOKUP(A66,'data-ค่าฝา'!B:G,6,FALSE),"") -> 10
A67: ANG-086 | B67: L'Angel (แอลแองเจล) | C67: =IFERROR(VLOOKUP(A67,data!A:G,7,FALSE),"") -> Chemical - เคมีภัณฑ์ | D67: =IFERROR(VLOOKUP(A67,data!A:D,4,FALSE),"") -> L'ANGEL iCOLOR แองเจล ไอคัลเลอร์ ฟิวเซีย (เบอร์ 6) สีชมพู ANG-086 | G67: =IFERROR(VLOOKUP(A67,data!A:V,22,FALSE),"") -> 8858890710866 | J67: =IFERROR(VLOOKUP(A67,'dataนน'!A:F,6,FALSE),"") | K67: =IFERROR(VLOOKUP(A67,'dataนน'!A:G,7,FALSE),"") | L67: 75 | M67: 80 | N67: 80 | O67: 10 | Q67: =IFERROR(VLOOKUP(A67,'data-ค่าฝา'!B:G,6,FALSE),"") -> 10
A68: ANG-088 | B68: L'Angel (แอลแองเจล) | C68: =IFERROR(VLOOKUP(A68,data!A:G,7,FALSE),"") -> Chemical - เคมีภัณฑ์ | D68: =IFERROR(VLOOKUP(A68,data!A:D,4,FALSE),"") -> L'ANGEL iCOLOR แอล แองเจล ไอคัลเลอร์ คริมซันเรด (เบอร์ 8) สีแดง ANG-088 | G68: =IFERROR(VLOOKUP(A68,data!A:V,22,FALSE),"") -> 8858890710880 | J68: =IFERROR(VLOOKUP(A68,'dataนน'!A:F,6,FALSE),"") -> 0.18 | K68: =IFERROR(VLOOKUP(A68,'dataนน'!A:G,7,FALSE),"") | L68: 75 | M68: 80 | N68: 80 | O68: 10 | Q68: =IFERROR(VLOOKUP(A68,'data-ค่าฝา'!B:G,6,FALSE),"") -> 10
A69: ANG-089 | B69: L'Angel (แอลแองเจล) | C69: =IFERROR(VLOOKUP(A69,data!A:G,7,FALSE),"") -> Chemical - เคมีภัณฑ์ | D69: =IFERROR(VLOOKUP(A69,data!A:D,4,FALSE),"") -> L'ANGEL iCOLOR แอล แองเจล ไอคัลเลอร์ รูบี (เบอร์ 9) สีแดงเข้ม ANG-089 | G69: =IFERROR(VLOOKUP(A69,data!A:V,22,FALSE),"") -> 8858890710897 | J69: =IFERROR(VLOOKUP(A69,'dataนน'!A:F,6,FALSE),"") -> 0.18 | K69: =IFERROR(VLOOKUP(A69,'dataนน'!A:G,7,FALSE),"") | L69: 75 | M69: 80 | N69: 80 | O69: 10 | Q69: =IFERROR(VLOOKUP(A69,'data-ค่าฝา'!B:G,6,FALSE),"") -> 10
A70: ANG-090 | B70: L'Angel (แอลแองเจล) | C70: =IFERROR(VLOOKUP(A70,data!A:G,7,FALSE),"") -> Chemical - เคมีภัณฑ์ | D70: =IFERROR(VLOOKUP(A70,data!A:D,4,FALSE),"") -> L'ANGEL iCOLOR แอล แองเจล ไอคัลเลอร์ ไดรูท (เบอร์ 10) สีขาว ANG-090 | G70: =IFERROR(VLOOKUP(A70,data!A:V,22,FALSE),"") -> 8858890710903 | J70: =IFERROR(VLOOKUP(A70,'dataนน'!A:F,6,FALSE),"") -> 0.18 | K70: =IFERROR(VLOOKUP(A70,'dataนน'!A:G,7,FALSE),"") | L70: 75 | M70: 80 | N70: 80 | O70: 10 | Q70: =IFERROR(VLOOKUP(A70,'data-ค่าฝา'!B:G,6,FALSE),"") -> 10
A71: ANG-091 | B71: L'Angel (แอลแองเจล) | C71: =IFERROR(VLOOKUP(A71,data!A:G,7,FALSE),"") -> Chemical - เคมีภัณฑ์ | D71: =IFERROR(VLOOKUP(A71,data!A:D,4,FALSE),"") -> L'ANGEL iCOLOR แอล แองเจล ไอคัลเลอร์ แทงเจอรีน (เบอร์ 11) สีส้ม ANG-091 | G71: =IFERROR(VLOOKUP(A71,data!A:V,22,FALSE),"") -> 8858890710910 | J71: =IFERROR(VLOOKUP(A71,'dataนน'!A:F,6,FALSE),"") -> 0.18 | K71: =IFERROR(VLOOKUP(A71,'dataนน'!A:G,7,FALSE),"") | L71: 75 | M71: 80 | N71: 80 | O71: 10 | Q71: =IFERROR(VLOOKUP(A71,'data-ค่าฝา'!B:G,6,FALSE),"") -> 10
A72: ANG-500 | B72: L'Angel (แอลแองเจล) | C72: =IFERROR(VLOOKUP(A72,data!A:G,7,FALSE),"") -> Chemical - เคมีภัณฑ์ | D72: =IFERROR(VLOOKUP(A72,data!A:D,4,FALSE),"") -> L'ANGEL Infinity Hair Colors PRO 3.0 Dark Brown Natural | G72: =IFERROR(VLOOKUP(A72,data!A:V,22,FALSE),"") -> 8858890799014 | J72: 0.228 | K72: 4x8x18.5 ซม. | L72: 65 | M72: 70 | N72: 90 | O72: 10 | Q72: =IFERROR(VLOOKUP(A72,'data-ค่าฝา'!B:G,6,FALSE),"") -> 10
A73: ANG-501 | B73: L'Angel (แอลแองเจล) | C73: =IFERROR(VLOOKUP(A73,data!A:G,7,FALSE),"") -> Chemical - เคมีภัณฑ์ | D73: =IFERROR(VLOOKUP(A73,data!A:D,4,FALSE),"") -> L'ANGEL Infinity Hair Colors PRO 5.0 Light Brown Natural | G73: =IFERROR(VLOOKUP(A73,data!A:V,22,FALSE),"") -> 8858890799021 | J73: 0.228 | K73: 4x8x18.5 ซม. | L73: 65 | M73: 70 | N73: 90 | O73: 10 | Q73: =IFERROR(VLOOKUP(A73,'data-ค่าฝา'!B:G,6,FALSE),"") -> 10
A74: ANG-502 | B74: L'Angel (แอลแองเจล) | C74: =IFERROR(VLOOKUP(A74,data!A:G,7,FALSE),"") -> Chemical - เคมีภัณฑ์ | D74: =IFERROR(VLOOKUP(A74,data!A:D,4,FALSE),"") -> L'ANGEL Infinity Hair Colors PRO 5.11 Light Brown Ash Intensive | G74: =IFERROR(VLOOKUP(A74,data!A:V,22,FALSE),"") -> 8858890799038 | J74: 0.228 | K74: 4x8x18.5 ซม. | L74: 65 | M74: 70 | N74: 90 | O74: 10 | Q74: =IFERROR(VLOOKUP(A74,'data-ค่าฝา'!B:G,6,FALSE),"") -> 10
A75: ANG-503 | B75: L'Angel (แอลแองเจล) | C75: =IFERROR(VLOOKUP(A75,data!A:G,7,FALSE),"") -> Chemical - เคมีภัณฑ์ | D75: =IFERROR(VLOOKUP(A75,data!A:D,4,FALSE),"") -> L'ANGEL Infinity Hair Colors PRO 5.035 Light Brown Warm Brown | G75: =IFERROR(VLOOKUP(A75,data!A:V,22,FALSE),"") -> 8858890799045 | J75: 0.228 | K75: 4x8x18.5 ซม. | L75: 65 | M75: 70 | N75: 90 | O75: 10 | Q75: =IFERROR(VLOOKUP(A75,'data-ค่าฝา'!B:G,6,FALSE),"") -> 10
A76: ANG-504 | B76: L'Angel (แอลแองเจล) | C76: =IFERROR(VLOOKUP(A76,data!A:G,7,FALSE),"") -> Chemical - เคมีภัณฑ์ | D76: =IFERROR(VLOOKUP(A76,data!A:D,4,FALSE),"") -> L'ANGEL Infinity Hair Colors PRO 7.0 Medium Blonde Natural | G76: =IFERROR(VLOOKUP(A76,data!A:V,22,FALSE),"") -> 8858890799052 | J76: 0.228 | K76: 4x8x18.5 ซม. | L76: 65 | M76: 70 | N76: 90 | O76: 10 | Q76: =IFERROR(VLOOKUP(A76,'data-ค่าฝา'!B:G,6,FALSE),"") -> 10
A77: ANG-505 | B77: L'Angel (แอลแองเจล) | C77: =IFERROR(VLOOKUP(A77,data!A:G,7,FALSE),"") -> Chemical - เคมีภัณฑ์ | D77: =IFERROR(VLOOKUP(A77,data!A:D,4,FALSE),"") -> L'ANGEL Infinity Hair Colors PRO 7.11 Medium Blonde Ash Intensive | G77: =IFERROR(VLOOKUP(A77,data!A:V,22,FALSE),"") -> 8858890799069 | J77: 0.228 | K77: 4x8x18.5 ซม. | L77: 65 | M77: 70 | N77: 90 | O77: 10 | Q77: =IFERROR(VLOOKUP(A77,'data-ค่าฝา'!B:G,6,FALSE),"") -> 10
A78: ANG-506 | B78: L'Angel (แอลแองเจล) | C78: =IFERROR(VLOOKUP(A78,data!A:G,7,FALSE),"") -> Chemical - เคมีภัณฑ์ | D78: =IFERROR(VLOOKUP(A78,data!A:D,4,FALSE),"") -> L'ANGEL Infinity Hair Colors PRO 7.16 Medium Blode Ash Violet | G78: =IFERROR(VLOOKUP(A78,data!A:V,22,FALSE),"") -> 8858890799076 | J78: 0.228 | K78: 4x8x18.5 ซม. | L78: 65 | M78: 70 | N78: 90 | O78: 10 | Q78: =IFERROR(VLOOKUP(A78,'data-ค่าฝา'!B:G,6,FALSE),"") -> 10
A79: ANG-507 | B79: L'Angel (แอลแองเจล) | C79: =IFERROR(VLOOKUP(A79,data!A:G,7,FALSE),"") -> Chemical - เคมีภัณฑ์ | D79: =IFERROR(VLOOKUP(A79,data!A:D,4,FALSE),"") -> L'ANGEL Infinity Hair Colors PRO 7.036 Medium Blonde Light Brown | G79: =IFERROR(VLOOKUP(A79,data!A:V,22,FALSE),"") -> 8858890799083 | J79: 0.228 | K79: 4x8x18.5 ซม. | L79: 65 | M79: 70 | N79: 90 | O79: 10 | Q79: =IFERROR(VLOOKUP(A79,'data-ค่าฝา'!B:G,6,FALSE),"") -> 10
A80: ANG-508 | B80: L'Angel (แอลแองเจล) | C80: =IFERROR(VLOOKUP(A80,data!A:G,7,FALSE),"") -> Chemical - เคมีภัณฑ์ | D80: =IFERROR(VLOOKUP(A80,data!A:D,4,FALSE),"") -> L'ANGEL Infinity Hair Colors PRO 8.0 Light Blonde Natural | G80: =IFERROR(VLOOKUP(A80,data!A:V,22,FALSE),"") -> 8858890799090 | J80: 0.228 | K80: 4x8x18.5 ซม. | L80: 65 | M80: 70 | N80: 90 | O80: 10 | Q80: =IFERROR(VLOOKUP(A80,'data-ค่าฝา'!B:G,6,FALSE),"") -> 10
A81: ANG-509 | B81: L'Angel (แอลแองเจล) | C81: =IFERROR(VLOOKUP(A81,data!A:G,7,FALSE),"") -> Chemical - เคมีภัณฑ์ | D81: =IFERROR(VLOOKUP(A81,data!A:D,4,FALSE),"") -> L'ANGEL Infinity Hair Colors PRO 8.11 Light Blonde Ash Intensive | G81: =IFERROR(VLOOKUP(A81,data!A:V,22,FALSE),"") -> 8858890799106 | J81: 0.228 | K81: 4x8x18.5 ซม. | L81: 65 | M81: 70 | N81: 90 | O81: 10 | Q81: =IFERROR(VLOOKUP(A81,'data-ค่าฝา'!B:G,6,FALSE),"") -> 10
A82: ANG-510 | B82: L'Angel (แอลแองเจล) | C82: =IFERROR(VLOOKUP(A82,data!A:G,7,FALSE),"") -> Chemical - เคมีภัณฑ์ | D82: =IFERROR(VLOOKUP(A82,data!A:D,4,FALSE),"") -> L'ANGEL Infinity Hair Colors PRO 9.0 Extra Light Blonde Natural | G82: =IFERROR(VLOOKUP(A82,data!A:V,22,FALSE),"") -> 8858890799113 | J82: 0.228 | K82: 4x8x18.5 ซม. | L82: 65 | M82: 70 | N82: 90 | O82: 10 | Q82: =IFERROR(VLOOKUP(A82,'data-ค่าฝา'!B:G,6,FALSE),"") -> 10
A83: ANG-511 | B83: L'Angel (แอลแองเจล) | C83: =IFERROR(VLOOKUP(A83,data!A:G,7,FALSE),"") -> Chemical - เคมีภัณฑ์ | D83: =IFERROR(VLOOKUP(A83,data!A:D,4,FALSE),"") -> L'ANGEL Infinity Hair Colors PRO 9.82 Extra Light Blonde Blue Violet | G83: =IFERROR(VLOOKUP(A83,data!A:V,22,FALSE),"") -> 8858890799120 | J83: 0.228 | K83: 4x8x18.5 ซม. | L83: 65 | M83: 70 | N83: 90 | O83: 10 | Q83: =IFERROR(VLOOKUP(A83,'data-ค่าฝา'!B:G,6,FALSE),"") -> 10
... A89: ANG-518 | B89: L'Angel (แอลแองเจล) | C89: =IFERROR(VLOOKUP(A89,data!A:G,7,FALSE),"") -> Chemical - เคมีภัณฑ์ | D89: =IFERROR(VLOOKUP(A89,data!A:D,4,FALSE),"") -> L'ANGEL Infinity Hair Colors PRO 0.11 Ash Special Mix | G89: =IFERROR(VLOOKUP(A89,data!A:V,22,FALSE),"") -> 8858890799199 | J89: 0.228 | K89: 4x8x18.5 ซม. | L89: 65 | M89: 70 | N89: 90 | O89: 10 | Q89: =IFERROR(VLOOKUP(A89,'data-ค่าฝา'!B:G,6,FALSE),"") -> 10
A90: ANG-066 | B90: L'Angel (แอลแองเจล) | C90: =IFERROR(VLOOKUP(A90,data!A:G,7,FALSE),"") -> Chemical - เคมีภัณฑ์ | D90: =IFERROR(VLOOKUP(A90,data!A:D,4,FALSE),"") -> L'ANGEL HAIR BLEACHING POWDER ผลิตภัณฑ์ฟอกสีผม ANG-066 | G90: =IFERROR(VLOOKUP(A90,data!A:V,22,FALSE),"") -> 8858890710668 | J90: =IFERROR(VLOOKUP(A90,'dataนน'!A:F,6,FALSE),"") -> 0.661 | K90: =IFERROR(VLOOKUP(A90,'dataนน'!A:G,7,FALSE),"") | L90: 250 | M90: =MROUND((L90*10%)+L90,5) -> 275 | N90: 365 | O90: 10 | Q90: =IFERROR(VLOOKUP(A90,'data-ค่าฝา'!B:G,6,FALSE),"") -> 20
A91: ANG-069 | B91: L'Angel (แอลแองเจล) | C91: =IFERROR(VLOOKUP(A91,data!A:G,7,FALSE),"") -> Chemical - เคมีภัณฑ์ | D91: =IFERROR(VLOOKUP(A91,data!A:D,4,FALSE),"") -> L'ANGEL LUXURY ANGELIC 9 LEVELS แอลแองเจล ผงฟอกสีผม 400g ANG-069 | G91: =IFERROR(VLOOKUP(A91,data!A:V,22,FALSE),"") -> 8858890710699 | J91: =IFERROR(VLOOKUP(A91,'dataนน'!A:F,6,FALSE),"") -> 0.602 | K91: =IFERROR(VLOOKUP(A91,'dataนน'!A:G,7,FALSE),"") | L91: 200 | M91: =MROUND((L91*10%)+L91,5) -> 220 | N91: 390 | O91: 10 | Q91: =IFERROR(VLOOKUP(A91,'data-ค่าฝา'!B:G,6,FALSE),"") -> 20
A92: ANG-110 | B92: L'Angel (แอลแองเจล) | C92: =IFERROR(VLOOKUP(A92,data!A:G,7,FALSE),"") -> Chemical - เคมีภัณฑ์ | D92: =IFERROR(VLOOKUP(A92,data!A:D,4,FALSE),"") -> L'ANGEL แอลแองเจล ชุดครีมยืดผมถาวร สูตรอโรม่า สำหรับผมที่ผ่านการทำเคมีมาก่อน ANG-110 | G92: =IFERROR(VLOOKUP(A92,data!A:V,22,FALSE),"") -> 8858890711108 | J92: =IFERROR(VLOOKUP(A92,'dataนน'!A:F,6,FALSE),"") -> 1.334 | K92: =IFERROR(VLOOKUP(A92,'dataนน'!A:G,7,FALSE),"") | L92: 320 | M92: =MROUND((L92*10%)+L92,5) -> 350 | N92: 150 | O92: 10 | Q92: =IFERROR(VLOOKUP(A92,'data-ค่าฝา'!B:G,6,FALSE),"")
A93: ANG-109 | B93: L'Angel (แอลแองเจล) | C93: =IFERROR(VLOOKUP(A93,data!A:G,7,FALSE),"") -> Chemical - เคมีภัณฑ์ | D93: =IFERROR(VLOOKUP(A93,data!A:D,4,FALSE),"") -> L'ANGEL แอลแองเจล ชุดครีมยืดผมถาวร สูตรชาเขียว สำหรับผมไม่เคยทำเคมี ANG-109 | G93: =IFERROR(VLOOKUP(A93,data!A:V,22,FALSE),"") -> 8858890711092 | J93: =IFERROR(VLOOKUP(A93,'dataนน'!A:F,6,FALSE),"") -> 1.334 | K93: =IFERROR(VLOOKUP(A93,'dataนน'!A:G,7,FALSE),"") | L93: 320 | M93: =MROUND((L93*10%)+L93,5) -> 350 | N93: 150 | O93: 10 | Q93: =IFERROR(VLOOKUP(A93,'data-ค่าฝา'!B:G,6,FALSE),"")
A94: ANG-613 | B94: L'Angel (แอลแองเจล) | C94: =IFERROR(VLOOKUP(A94,data!A:G,7,FALSE),"") -> Chemical - เคมีภัณฑ์ | D94: =IFERROR(VLOOKUP(A94,data!A:D,4,FALSE),"") -> L'ANGEL SMART KERATIN แอลแองเจล สมาร์ท เคราติน แชมพู+ทรีทเมนต์ 258 ml.x2 รุ่น ANG-613 | F94: 24 | G94: =IFERROR(VLOOKUP(A94,data!A:V,22,FALSE),"") -> 8858890716134 | J94: =IFERROR(VLOOKUP(A94,'dataนน'!A:F,6,FALSE),"") -> 0.65 | K94: =IFERROR(VLOOKUP(A94,'dataนน'!A:G,7,FALSE),"") | L94: 650 | M94: =MROUND((L94*10%)+L94,5) -> 715 | N94: 800 | O94: 10 | Q94: =IFERROR(VLOOKUP(A94,'data-ค่าฝา'!B:G,6,FALSE),"") -> 20
A95: ANG-608 | B95: L'Angel (แอลแองเจล) | C95: =IFERROR(VLOOKUP(A95,data!A:G,7,FALSE),"") -> Hair Treatment - ผลิตภัณฑ์บำรุงเส้นผม | D95: =IFERROR(VLOOKUP(A95,data!A:D,4,FALSE),"") -> L'ANGEL Perfect Keratin เพอร์เฟ็ค เคราติน แชมพู+ครีมนวด 258ml.x2 กล่องขาว ANG-608 | G95: =IFERROR(VLOOKUP(A95,data!A:V,22,FALSE),"") -> 8858890716080 | J95: =IFERROR(VLOOKUP(A95,'dataนน'!A:F,6,FALSE),"") -> 0.661 | K95: =IFERROR(VLOOKUP(A95,'dataนน'!A:G,7,FALSE),"") | L95: 320 | M95: =MROUND((L95*10%)+L95,5) -> 350 | N95: 399 | O95: 10 | Q95: =IFERROR(VLOOKUP(A95,'data-ค่าฝา'!B:G,6,FALSE),"") -> 10
A96: ANG-410 | B96: L'Angel (แอลแองเจล) | C96: =IFERROR(VLOOKUP(A96,data!A:G,7,FALSE),"") -> Hair Treatment - ผลิตภัณฑ์บำรุงเส้นผม | D96: =IFERROR(VLOOKUP(A96,data!A:D,4,FALSE),"") -> L'ANGEL Bond Creator บอนด์ ครีเอเตอร์ โปรเฟสชั่นนอล ซาลอน คิต ปริมาณ 300x3มล. ANG-410 | G96: =IFERROR(VLOOKUP(A96,data!A:V,22,FALSE),"") -> 8858890714109 | J96: =IFERROR(VLOOKUP(A96,'dataนน'!A:F,6,FALSE),"") -> 0.98 | K96: =IFERROR(VLOOKUP(A96,'dataนน'!A:G,7,FALSE),"") | L96: 1000 | M96: =MROUND((L96*10%)+L96,5) -> 1100 | N96: 1350 | O96: 10 | Q96: =IFERROR(VLOOKUP(A96,'data-ค่าฝา'!B:G,6,FALSE),"") -> 20
A97: ANG-610 | B97: L'Angel (แอลแองเจล) | C97: =IFERROR(VLOOKUP(A97,data!A:G,7,FALSE),"") -> Hair Treatment - ผลิตภัณฑ์บำรุงเส้นผม | D97: =IFERROR(VLOOKUP(A97,data!A:D,4,FALSE),"") -> L'ANGEL Silver Shampoo แอลแองเจล ซิลเวอร์ แชมพูม่วง ANG-610 | G97: =IFERROR(VLOOKUP(A97,data!A:V,22,FALSE),"") -> 8858890716103 | J97: =IFERROR(VLOOKUP(A97,'dataนน'!A:F,6,FALSE),"") -> 0.352 | K97: =IFERROR(VLOOKUP(A97,'dataนน'!A:G,7,FALSE),"") | L97: 190 | M97: =MROUND((L97*10%)+L97,5) -> 210 | N97: 240 | O97: 10 | Q97: =IFERROR(VLOOKUP(A97,'data-ค่าฝา'!B:G,6,FALSE),"") -> 15
A98: ANG-606 | B98: L'Angel (แอลแองเจล) | C98: =IFERROR(VLOOKUP(A98,data!A:G,7,FALSE),"") -> Hair Treatment - ผลิตภัณฑ์บำรุงเส้นผม | D98: =IFERROR(VLOOKUP(A98,data!A:D,4,FALSE),"") -> L'ANGEL ARGANIC COLOR & DAMAGED HAIR SHAMPOO แชมพูอาร์แกนิค ปริมาณ 268 มล. | G98: =IFERROR(VLOOKUP(A98,data!A:V,22,FALSE),"") -> 8858890716066 | J98: =IFERROR(VLOOKUP(A98,'dataนน'!A:F,6,FALSE),"") -> 0.385 | K98: =IFERROR(VLOOKUP(A98,'dataนน'!A:G,7,FALSE),"") | L98: 160 | M98: =MROUND((L98*10%)+L98,5) -> 175 | N98: 210 | O98: 10 | Q98: =IFERROR(VLOOKUP(A98,'data-ค่าฝา'!B:G,6,FALSE),"") -> 15
A99: ANG-209 | B99: L'Angel (แอลแองเจล) | C99: =IFERROR(VLOOKUP(A99,data!A:G,7,FALSE),"") -> Hair Treatment - ผลิตภัณฑ์บำรุงเส้นผม | D99: =IFERROR(VLOOKUP(A99,data!A:D,4,FALSE),"") -> L'ANGEL ARGANIC HAIR MASQUE แฮร์มาส์ก มาร์กบำรุงผม สูตรสำหรับผมทำสีและแห้งเสีย 500 ml. ANG-209 | G99: =IFERROR(VLOOKUP(A99,data!A:V,22,FALSE),"") -> 8858890712099 | J99: =IFERROR(VLOOKUP(A99,'dataนน'!A:F,6,FALSE),"") -> 0.614 | K99: =IFERROR(VLOOKUP(A99,'dataนน'!A:G,7,FALSE),"") | L99: 250 | M99: =MROUND((L99*10%)+L99,5) -> 275 | N99: 320 | O99: 10 | Q99: =IFERROR(VLOOKUP(A99,'data-ค่าฝา'!B:G,6,FALSE),"") -> 15
A100: ANG-303 | B100: L'Angel (แอลแองเจล) | C100: =IFERROR(VLOOKUP(A100,data!A:G,7,FALSE),"") -> Hair Treatment - ผลิตภัณฑ์บำรุงเส้นผม | D100: =IFERROR(VLOOKUP(A100,data!A:D,4,FALSE),"") -> L'ANGEL Boost Up สูตรบำรุงหนังศีรษะ 10ml.x12 0.382g. รหัสสินค้า ANG-303 | G100: =IFERROR(VLOOKUP(A100,data!A:V,22,FALSE),"") -> 8858890713034 | J100: =IFERROR(VLOOKUP(A100,'dataนน'!A:F,6,FALSE),"") -> 0.432 | K100: =IFERROR(VLOOKUP(A100,'dataนน'!A:G,7,FALSE),"") | L100: 250 | M100: =MROUND((L100*10%)+L100,5) -> 275 | N100: 499 | O100: 10 | Q100: =IFERROR(VLOOKUP(A100,'data-ค่าฝา'!B:G,6,FALSE),"")
A101: ANG-304 | B101: L'Angel (แอลแองเจล) | C101: =IFERROR(VLOOKUP(A101,data!A:G,7,FALSE),"") -> Hair Treatment - ผลิตภัณฑ์บำรุงเส้นผม | D101: =IFERROR(VLOOKUP(A101,data!A:D,4,FALSE),"") -> L'ANGEL Boost Up สูตรควบคุมความมัน 10mlx12 0.385g. รหัสสินค้า ANG-304 | G101: =IFERROR(VLOOKUP(A101,data!A:V,22,FALSE),"") -> 8858890713041 | J101: =IFERROR(VLOOKUP(A101,'dataนน'!A:F,6,FALSE),"") -> 0.435 | K101: =IFERROR(VLOOKUP(A101,'dataนน'!A:G,7,FALSE),"") | L101: 250 | M101: =MROUND((L101*10%)+L101,5) -> 275 | N101: 499 | O101: 10 | Q101: =IFERROR(VLOOKUP(A101,'data-ค่าฝา'!B:G,6,FALSE),"")
A102: ANG-305 | B102: L'Angel (แอลแองเจล) | C102: =IFERROR(VLOOKUP(A102,data!A:G,7,FALSE),"") -> Hair Treatment - ผลิตภัณฑ์บำรุงเส้นผม | D102: =IFERROR(VLOOKUP(A102,data!A:D,4,FALSE),"") -> L'ANGEL Boost Up สูตรป้องกันรังแค 10ml.x12 0.385g. รหัสสินค้า ANG-350 | G102: =IFERROR(VLOOKUP(A102,data!A:V,22,FALSE),"") -> 8858890713058 | J102: =IFERROR(VLOOKUP(A102,'dataนน'!A:F,6,FALSE),"") -> 0.43 | K102: =IFERROR(VLOOKUP(A102,'dataนน'!A:G,7,FALSE),"") | L102: 250 | M102: =MROUND((L102*10%)+L102,5) -> 275 | N102: 499 | O102: 10 | Q102: =IFERROR(VLOOKUP(A102,'data-ค่าฝา'!B:G,6,FALSE),"")
A103: ANG-301 | B103: L'Angel (แอลแองเจล) | C103: =IFERROR(VLOOKUP(A103,data!A:G,7,FALSE),"") -> Hair Treatment - ผลิตภัณฑ์บำรุงเส้นผม | D103: =IFERROR(VLOOKUP(A103,data!A:D,4,FALSE),"") -> L'ANGEL ARGANIC OIL SERUM แอลแองเจล เซรั่มเข้มข้นอาร์แกนิค สูตรฟื้นฟูผมแห้งเสีย 50 ml. ANG-301 | G103: =IFERROR(VLOOKUP(A103,data!A:V,22,FALSE),"") -> 8858890713010 | J103: =IFERROR(VLOOKUP(A103,'dataนน'!A:F,6,FALSE),"") -> 0.191 | K103: =IFERROR(VLOOKUP(A103,'dataนน'!A:G,7,FALSE),"") | L103: 165 | M103: =MROUND((L103*10%)+L103,5) -> 180 | N103: 210 | O103: 10 | Q103: =IFERROR(VLOOKUP(A103,'data-ค่าฝา'!B:G,6,FALSE),"") -> 15
A104: ANG-401 | B104: L'Angel (แอลแองเจล) | C104: =IFERROR(VLOOKUP(A104,data!A:G,7,FALSE),"") -> Grooming - ผลิตภัณพ์จัดแต่งทรงผมและหนวด | D104: =IFERROR(VLOOKUP(A104,data!A:D,4,FALSE),"") -> L'ANGEL Curl Down Control แอลแองเจล ครีมจับลอน 260ml. 0.314g. รหัสสินค้า ANG-401 | G104: =IFERROR(VLOOKUP(A104,data!A:V,22,FALSE),"") -> 6933004194502 | J104: =IFERROR(VLOOKUP(A104,'dataนน'!A:F,6,FALSE),"") -> 0.364 | K104: =IFERROR(VLOOKUP(A104,'dataนน'!A:G,7,FALSE),"") | L104: 90 | M104: =MROUND((L104*10%)+L104,5) -> 100 | N104: 120 | O104: 10 | Q104: =IFERROR(VLOOKUP(A104,'data-ค่าฝา'!B:G,6,FALSE),"")
A105: ANG-067 | B105: L'Angel (แอลแองเจล) | C105: =IFERROR(VLOOKUP(A105,data!A:G,7,FALSE),"") -> Chemical - เคมีภัณฑ์ | D105: =IFERROR(VLOOKUP(A105,data!A:D,4,FALSE),"") -> L’ANGEL Hair Bleaching Powder Gentle Blonde 60gx12 ผงฟอกสีผม | G105: =IFERROR(VLOOKUP(A105,data!A:V,22,FALSE),"") -> 8858890800352 | J105: 0.813 | K105: 10.5x12.5x14.5 ซม. | L105: 385 | M105: =MROUND((L105*10%)+L105,5) -> 425 | N105: =MROUND((L105*25%)+L105,5) -> 480 | O105: 10 | Q105: =IFERROR(VLOOKUP(A105,'data-ค่าฝา'!B:G,6,FALSE),"") -> 20
A106: J001-1 | B106: L'Angel (แอลแองเจล) | C106: =IFERROR(VLOOKUP(A106,data!A:G,7,FALSE),"") -> Apron - ผ้าคลุมและผ้ากันเปื้อน | D106: =IFERROR(VLOOKUP(A106,data!A:D,4,FALSE),"") -> แอลแองเจล เอี๊ยมช่างซาลอน 0.086g. รหัสสินค้า J001-1 | G106: =IFERROR(VLOOKUP(A106,data!A:V,22,FALSE),"") -> 8858890790394 | J106: =IFERROR(VLOOKUP(A106,'dataนน'!A:F,6,FALSE),"") | K106: =IFERROR(VLOOKUP(A106,'dataนน'!A:G,7,FALSE),"") -> กว้าง 60 ซม. ยาว 70 ซม. | L106: 68.75 | M106: =MROUND((L106*10%)+L106,5) -> 75 | N106: 95 | O106: 10 | Q106: =IFERROR(VLOOKUP(A106,'data-ค่าฝา'!B:G,6,FALSE),"")
A107: B-012 | B107: L'Angel (แอลแองเจล) | C107: =IFERROR(VLOOKUP(A107,data!A:G,7,FALSE),"") -> Apron - ผ้าคลุมและผ้ากันเปื้อน | D107: =IFERROR(VLOOKUP(A107,data!A:D,4,FALSE),"") -> แอลแองเจล ผ้าคลุมซอยซาลอน 0.104g. รหัสสินค้า B-012 | E107: 120x140cm | G107: =IFERROR(VLOOKUP(A107,data!A:V,22,FALSE),"") -> 8858890790370 | J107: =IFERROR(VLOOKUP(A107,'dataนน'!A:F,6,FALSE),"") -> 0.05 | K107: =IFERROR(VLOOKUP(A107,'dataนน'!A:G,7,FALSE),"") -> 120x140 ซม. | L107: 70 | M107: =MROUND((L107*10%)+L107,5) -> 75 | N107: 100 | O107: 10 | Q107: =IFERROR(VLOOKUP(A107,'data-ค่าฝา'!B:G,6,FALSE),"")
...

Sheet recheck
A1: ลำดับ | B1: รหัส | C1: ราคาออนไลน์ | D1: Checklist Platform เปิดสินค้า
D2: Com merzy | E2: Shopee : Valente | F2: Shopee : BB | G2: Lazada : CMS | H2: Lazada : Valente | I2: Lazada : L'Angel | J2: Tiktok : CMS | K2: Tiktok : BB
A3: {=if(B3:B990<>"",ROW(B3:B990)-2,"")} -> 1 | B3: BB-201 | C3: 350 | D3: FALSE | E3: FALSE | F3: FALSE | G3: FALSE | H3: FALSE | J3: FALSE | K3: FALSE
A4: 2 | B4: BB-202 | C4: 350 | D4: FALSE | E4: FALSE | F4: FALSE | G4: FALSE | H4: FALSE | J4: FALSE | K4: FALSE
A5: 3 | B5: BB-203 | C5: 350 | D5: FALSE | E5: FALSE | F5: FALSE | G5: FALSE | H5: FALSE | J5: FALSE | K5: FALSE
A6: 4 | B6: BB-204 | C6: 385 | D6: FALSE | E6: FALSE | F6: FALSE | G6: FALSE | H6: FALSE | J6: FALSE | K6: FALSE
A7: 5 | B7: BB-205 | C7: 385 | D7: FALSE | E7: FALSE | F7: FALSE | G7: FALSE | H7: FALSE | J7: FALSE | K7: FALSE
A8: 6 | B8: BB-206 | C8: 385 | D8: FALSE | E8: FALSE | F8: FALSE | G8: FALSE | H8: FALSE | J8: FALSE | K8: FALSE
A9: 7 | B9: ZM-BB-111-4 | C9: 300 | D9: FALSE | E9: FALSE | F9: FALSE | G9: FALSE | H9: FALSE | J9: FALSE | K9: FALSE
A10: 8 | B10: VAL-1517 | C10: 220 | D10: FALSE | E10: FALSE | F10: FALSE | G10: FALSE | H10: FALSE | J10: FALSE | K10: FALSE
A11: 9 | B11: H-004 | C11: 950 | D11: FALSE | E11: FALSE | F11: FALSE | G11: FALSE | H11: FALSE | J11: FALSE | K11: FALSE
A12: 10 | B12: H-005 | C12: 1950 | D12: FALSE | E12: FALSE | F12: FALSE | G12: FALSE | H12: FALSE | J12: FALSE | K12: FALSE
A13: 11 | B13: H-010 | C13: 325 | D13: FALSE | E13: FALSE | F13: FALSE | G13: FALSE | H13: FALSE | J13: FALSE | K13: FALSE
A14: 12 | B14: H-011 | C14: 635 | D14: FALSE | E14: FALSE | F14: FALSE | G14: FALSE | H14: FALSE | J14: FALSE | K14: FALSE
A15: 13 | B15: VAL-700 | C15: 200 | D15: FALSE | E15: FALSE | F15: FALSE | G15: FALSE | H15: FALSE | I15: FALSE | J15: FALSE | K15: FALSE
A16: 14 | B16: VAL-800 | C16: 200 | D16: FALSE | E16: FALSE | F16: FALSE | G16: FALSE | H16: FALSE | I16: FALSE | J16: FALSE | K16: FALSE
A17: 15 | B17: VAL-651 | C17: 40 | D17: FALSE | E17: FALSE | G17: FALSE | H17: FALSE | I17: FALSE | J17: FALSE
A18: 16 | B18: VAL-651/1 | C18: 65 | D18: FALSE | E18: FALSE | G18: FALSE | H18: FALSE | I18: FALSE | J18: FALSE
A19: 17 | B19: VAL-025-1 | C19: 200 | D19: FALSE | E19: FALSE | G19: FALSE | H19: FALSE | I19: FALSE | J19: FALSE
A20: 18 | B20: VAL-025-2 | C20: 215 | D20: FALSE | E20: FALSE | G20: FALSE | H20: FALSE | I20: FALSE | J20: FALSE
A21: 19 | B21: VAL-025-3 | C21: 230 | D21: FALSE | E21: FALSE | G21: FALSE | H21: FALSE | I21: FALSE | J21: FALSE
A22: 20 | B22: VAL-025-4 | C22: 240 | D22: FALSE | E22: FALSE | G22: FALSE | H22: FALSE | I22: FALSE | J22: FALSE
A23: 21 | B23: VAL-300 | C23: 100 | D23: FALSE | E23: FALSE | G23: FALSE | H23: FALSE | I23: FALSE | J23: FALSE
A24: 22 | B24: Q-71 | C24: 120 | D24: FALSE | E24: FALSE | G24: FALSE | H24: FALSE | I24: FALSE | J24: FALSE
A25: 23 | B25: A-041 | C25: 125 | D25: FALSE | E25: FALSE | G25: FALSE | H25: FALSE | J25: FALSE
A26: 24 | B26: BB-518/BL | C26: 150 | D26: FALSE | E26: FALSE | F26: FALSE | G26: FALSE | J26: FALSE | K26: FALSE
A27: 25 | B27: BB-518/DB | C27: 150 | D27: FALSE | E27: FALSE | F27: FALSE | G27: FALSE | J27: FALSE | K27: FALSE
A28: 26 | B28: AC-BB-518/AP | C28: 150 | D28: FALSE | E28: FALSE | F28: FALSE | G28: FALSE | J28: FALSE | K28: FALSE
A29: 27 | B29: BB-518/BL-R | C29: 150 | D29: FALSE | E29: FALSE | F29: FALSE | G29: FALSE | J29: FALSE | K29: FALSE
A30: 28 | B30: BB-518/DB-R | C30: 150 | D30: FALSE | E30: FALSE | F30: FALSE | G30: FALSE | J30: FALSE | K30: FALSE
A31: 29 | B31: BB-519/BL | C31: 150 | D31: FALSE | E31: FALSE | F31: FALSE | G31: FALSE | J31: FALSE | K31: FALSE
A32: 30 | B32: BB-519/BR | C32: 150 | D32: FALSE | E32: FALSE | F32: FALSE | G32: FALSE | J32: FALSE | K32: FALSE
A33: 31 | B33: BB-517/1 | C33: 150 | D33: FALSE | E33: FALSE | F33: FALSE | G33: FALSE | J33: FALSE | K33: FALSE
A34: 32 | B34: ANG-412 | C34: 185 | D34: FALSE | E34: FALSE | G34: FALSE | I34: FALSE | J34: FALSE
A35: 33 | B35: VAL-XE2-8 | C35: 50 | D35: FALSE | E35: FALSE | F35: FALSE | G35: FALSE | H35: FALSE | J35: FALSE | K35: FALSE

Sheet สินค้าL
C1: ระดับราคา | E1: 20%-50%
A2: รหัสสินค้า | B2: ราคาส่ง | C2: ราคา+10% | D2: ราคา+15% | E2: ราคาปลีกออนไลน์
A3: Angelic | B3: 55 | C3: =MROUND((B3*10%)+B3,5) -> 60 | D3: =MROUND((B3*15%)+B3,5) -> 65 | E3: 75 | F3: =(E3-B3)/B3 -> 0.36363636 | G3: =E3-C3 -> 15 | H3: =E3-D3 -> 10
A4: icolor | B4: 75 | C4: 80 | D4: =MROUND((B4*15%)+B4,5) -> 85 | E4: 80 | F4: =(E4-B4)/B4 -> 0.066666667 | G4: =E4-C4 -> 0 | H4: =E4-D4 -> -5
A5: infinity | B5: 65 | C5: =MROUND((B5*10%)+B5,5) -> 70 | D5: =MROUND((B5*15%)+B5,5) -> 75 | E5: 90 | F5: =(E5-B5)/B5 -> 0.38461538 | G5: =E5-C5 -> 20 | H5: =E5-D5 -> 15
A6: ANG-066 | B6: 250 | C6: =MROUND((B6*10%)+B6,5) -> 275 | D6: =MROUND((B6*15%)+B6,5) -> 290 | E6: 365 | F6: =(E6-B6)/B6 -> 0.46 | G6: =E6-C6 -> 90 | H6: =E6-D6 -> 75
A7: ANG-069 | B7: 200 | C7: =MROUND((B7*10%)+B7,5) -> 220 | D7: =MROUND((B7*15%)+B7,5) -> 230 | E7: 390 | F7: =(E7-B7)/B7 -> 0.95 | G7: =E7-C7 -> 170 | H7: =E7-D7 -> 160
A8: ANG-110 | B8: 320 | C8: =MROUND((B8*10%)+B8,5) -> 350 | D8: =MROUND((B8*15%)+B8,5) -> 370 | E8: 150 | F8: =(E8-B8)/B8 -> -0.53125 | G8: =E8-C8 -> -200 | H8: =E8-D8 -> -220
A9: ANG-109 | B9: 320 | C9: =MROUND((B9*10%)+B9,5) -> 350 | D9: =MROUND((B9*15%)+B9,5) -> 370 | E9: 150 | F9: =(E9-B9)/B9 -> -0.53125 | G9: =E9-C9 -> -200 | H9: =E9-D9 -> -220
A10: ANG-613 | B10: 650 | C10: =MROUND((B10*10%)+B10,5) -> 715 | D10: =MROUND((B10*15%)+B10,5) -> 750 | E10: 800 | F10: =(E10-B10)/B10 -> 0.23076923 | G10: =E10-C10 -> 85 | H10: =E10-D10 -> 50
A11: ANG-608 | B11: 320 | C11: =MROUND((B11*10%)+B11,5) -> 350 | D11: =MROUND((B11*15%)+B11,5) -> 370 | E11: 399 | F11: =(E11-B11)/B11 -> 0.246875 | G11: =E11-C11 -> 49 | H11: =E11-D11 -> 29
A12: ANG-410 | B12: 1000 | C12: =MROUND((B12*10%)+B12,5) -> 1100 | D12: =MROUND((B12*15%)+B12,5) -> 1150 | E12: 1350 | F12: =(E12-B12)/B12 -> 0.35 | G12: =E12-C12 -> 250 | H12: =E12-D12 -> 200
A13: ANG-610 | B13: 190 | C13: =MROUND((B13*10%)+B13,5) -> 210 | D13: =MROUND((B13*15%)+B13,5) -> 220 | E13: 240 | F13: =(E13-B13)/B13 -> 0.26315789 | G13: =E13-C13 -> 30 | H13: =E13-D13 -> 20
A14: ANG-606 | B14: 160 | C14: =MROUND((B14*10%)+B14,5) -> 175 | D14: =MROUND((B14*15%)+B14,5) -> 185 | E14: 210 | F14: =(E14-B14)/B14 -> 0.3125 | G14: =E14-C14 -> 35 | H14: =E14-D14 -> 25
A15: ANG-209 | B15: 250 | C15: =MROUND((B15*10%)+B15,5) -> 275 | D15: =MROUND((B15*15%)+B15,5) -> 290 | E15: 320 | F15: =(E15-B15)/B15 -> 0.28 | G15: =E15-C15 -> 45 | H15: =E15-D15 -> 30
A16: ANG-303 | B16: 250 | C16: =MROUND((B16*10%)+B16,5) -> 275 | D16: =MROUND((B16*15%)+B16,5) -> 290 | E16: 499 | F16: =(E16-B16)/B16 -> 0.996 | G16: =E16-C16 -> 224 | H16: =E16-D16 -> 209
... A1002: PROD-005 | B1002: 240 | C1002: =MROUND((B1002*10%)+B1002,5) | D1002: =MROUND((B1002*15%)+B1002,5) | E1002: 350 | F1002: =(E1002-B1002)/B1002 | G1002: =E1002-C1002 | H1002: =E1002-D1002

Sheet สินค้าV
D1: ระดับราคา | F1: 20%-50%
A2: รหัสสินค้า | B2: ราคาส่ง | C2: ค่าลับคม | D2: ราคา+10% | E2: ราคา+15% | F2: ราคาปลีกออนไลน์
A3: HF-017 | B3: 1250 | D3: =CEILING(B3*1.1,5) -> 1375 | E3: =CEILING(B3*1.15,5) -> 1440 | F3: 1650 | G3: =(E3-B3)/B3 -> 0.152 | H3: =F3-E3 -> 210
A4: HF-013 | B4: 1250 | D4: =CEILING(B4*1.1,5) -> 1375 | E4: =CEILING(B4*1.15,5) -> 1440 | F4: 1750 | G4: =(E4-B4)/B4 -> 0.152 | H4: =F4-E4 -> 310
A5: HF-001 | B5: 580 | D5: =CEILING(B5*1.1,5) -> 640 | E5: =CEILING(B5*1.15,5) -> 670 | F5: 670 | G5: =(E5-B5)/B5 -> 0.15517241 | H5: =F5-E5 -> 0
A6: HF-002 | B6: 950 | D6: =CEILING(B6*1.1,5) -> 1045 | E6: =CEILING(B6*1.15,5) -> 1095 | F6: 1250 | G6: =(E6-B6)/B6 -> 0.15263158 | H6: =F6-E6 -> 155
A7: HC-003/28 | B7: 950 | D7: =CEILING(B7*1.1,5) -> 1045 | E7: =CEILING(B7*1.15,5) -> 1095 | F7: 1250 | G7: =(E7-B7)/B7 -> 0.15263158 | H7: =F7-E7 -> 155
A8: HC-003/38 | B8: 950 | D8: =CEILING(B8*1.1,5) -> 1045 | E8: =CEILING(B8*1.15,5) -> 1095 | F8: 1250 | G8: =(E8-B8)/B8 -> 0.15263158 | H8: =F8-E8 -> 155
A9: HC-002/25 | B9: 650 | D9: =CEILING(B9*1.1,5) -> 715 | E9: =CEILING(B9*1.15,5) -> 750 | F9: 1250 | G9: =(E9-B9)/B9 -> 0.15384615 | H9: =F9-E9 -> 500
A10: HC-002/32 | B10: 650 | D10: =CEILING(B10*1.1,5) -> 715 | E10: =CEILING(B10*1.15,5) -> 750 | F10: 1250 | G10: =(E10-B10)/B10 -> 0.15384615 | H10: =F10-E10 -> 500
A11: HC-019 | B11: 500 | D11: =CEILING(B11*1.1,5) -> 550 | E11: =CEILING(B11*1.15,5) -> 575 | F11: 990 | G11: =(E11-B11)/B11 -> 0.15 | H11: =F11-E11 -> 415
A12: HC-020 | B12: 650 | D12: =CEILING(B12*1.1,5) -> 715 | E12: =CEILING(B12*1.15,5) -> 750 | F12: 990 | G12: =(E12-B12)/B12 -> 0.15384615 | H12: =F12-E12 -> 240
A13: HD-003 | B13: 900 | D13: =CEILING(B13*1.1,5) -> 990 | E13: =CEILING(B13*1.15,5) -> 1035 | F13: 1250 | G13: =(E13-B13)/B13 -> 0.15 | H13: =F13-E13 -> 215
A14: HD-002 | B14: 520 | D14: =CEILING(B14*1.1,5) -> 575 | E14: =CEILING(B14*1.15,5) -> 600 | F14: 750 | G14: =(E14-B14)/B14 -> 0.15384615 | H14: =F14-E14 -> 150
... A17: A-041 | B17: 95 | D17: =CEILING(B17*1.1,5) -> 105 | E17: =CEILING(B17*1.15,5) -> 110 | F17: 125 | G17: =(E17-B17)/B17 -> 0.15789474 | H17: =F17-E17 -> 15
A18: VAL-1919-01 | B18: 400 | C18: 65 | D18: =CEILING(B18*1.1,5) -> 440 | E18: =CEILING(B18*1.15,5) -> 460 | F18: 499 | G18: =(E18-B18)/B18 -> 0.15 | H18: =F18-E18 -> 39
A19: VAL-1919-06 | B19: 400 | C19: 65 | D19: =CEILING(B19*1.1,5) -> 440 | E19: =CEILING(B19*1.15,5) -> 460 | F19: 499 | G19: =(E19-B19)/B19 -> 0.15 | H19: =F19-E19 -> 39
A20: VAL-1919-02 | B20: 400 | C20: 65 | D20: =CEILING(B20*1.1,5) -> 440 | E20: =CEILING(B20*1.15,5) -> 460 | F20: 499 | G20: =(E20-B20)/B20 -> 0.15 | H20: =F20-E20 -> 39
A21: VAL-2208-01 | B21: 330 | C21: 65 | D21: =CEILING(B21*1.1,5) -> 365 | E21: =CEILING(B21*1.15,5) -> 380 | F21: 400 | G21: =(E21-B21)/B21 -> 0.15151515 | H21: =F21-E21 -> 20
A22: HT-002 | B22: 600 | C22: 80 | D22: =CEILING(B22*1.1,5) -> 660 | E22: =CEILING(B22*1.15,5) -> 690 | F22: 750 | G22: =(E22-B22)/B22 -> 0.15 | H22: =F22-E22 -> 60
A23: PKY-2233 | B23: 1450 | D23: =CEILING(B23*1.1,5) -> 1595 | E23: =CEILING(B23*1.15,5) -> 1670 | F23: 1800 | G23: =(E23-B23)/B23 -> 0.15172414 | H23: =F23-E23 -> 130
A24: PKY-2235 | B24: 1800 | D24: =CEILING(B24*1.1,5) -> 1980 | E24: =CEILING(B24*1.15,5) -> 2070 | F24: 2400 | G24: =(E24-B24)/B24 -> 0.15 | H24: =F24-E24 -> 330
A25: XJ-200 | B25: 2350 | D25: =CEILING(B25*1.1,5) -> 2585 | E25: =CEILING(B25*1.15,5) -> 2705 | F25: 2800 | G25: =(E25-B25)/B25 -> 0.15106383 | H25: =F25-E25 -> 95
A26: XB-707 | B26: 2500 | D26: =CEILING(B26*1.1,5) -> 2750 | E26: =CEILING(B26*1.15,5) -> 2875 | F26: =MROUND((B26*20%)+B26,5) -> 3000 | G26: =(E26-B26)/B26 -> 0.15 | H26: =F26-E26 -> 125
A27: SM-01 | B27: 15000 | D27: =CEILING(B27*1.1,5) -> 16500 | E27: =CEILING(B27*1.15,5) -> 17250 | F27: =MROUND((B27*20%)+B27,5) -> 18000 | G27: =(E27-B27)/B27 -> 0.15 | H27: =F27-E27 -> 750
A28: T-21 | B28: 1250 | D28: =CEILING(B28*1.1,5) -> 1375 | E28: =CEILING(B28*1.15,5) -> 1440 | F28: 1450 | G28: =(E28-B28)/B28 -> 0.152 | H28: =F28-E28 -> 10
A29: HL-910/A | B29: 200 | D29: =CEILING(B29*1.1,5) -> 220 | E29: =CEILING(B29*1.15,5) -> 230 | F29: 350 | G29: =(E29-B29)/B29 -> 0.15 | H29: =F29-E29 -> 120
A30: HL-922/A | B30: 250 | D30: =CEILING(B30*1.1,5) -> 275 | E30: =CEILING(B30*1.15,5) -> 290 | F30: 370 | G30: =(E30-B30)/B30 -> 0.16 | H30: =F30-E30 -> 80
A31: VAL-5/B | B31: 600 | D31: =CEILING(B31*1.1,5) -> 660 | E31: =CEILING(B31*1.15,5) -> 690 | F31: 900 | G31: =(E31-B31)/B31 -> 0.15 | H31: =F31-E31 -> 210
A32: VAL-9/A | B32: 1200 | D32: =CEILING(B32*1.1,5) -> 1320 | E32: =CEILING(B32*1.15,5) -> 1380 | F32: 2500 | G32: =(E32-B32)/B32 -> 0.15 | H32: =F32-E32 -> 1120
A33: JH-802 | B33: 528 | D33: =CEILING(B33*1.1,5) -> 585 | E33: =CEILING(B33*1.15,5) -> 610 | F33: 650 | G33: =(E33-B33)/B33 -> 0.15530303 | H33: =F33-E33 -> 40
A34: VAL-61 | B34: 290 | D34: =CEILING(B34*1.1,5) -> 320 | E34: =CEILING(B34*1.15,5) -> 335 | F34: 450 | G34: =(E34-B34)/B34 -> 0.15517241 | H34: =F34-E34 -> 115
A35: VAL-62 | B35: 305 | D35: =CEILING(B35*1.1,5) -> 340 | E35: =CEILING(B35*1.15,5) -> 355 | F35: 450 | G35: =(E35-B35)/B35 -> 0.16393443 | H35: =F35-E35 -> 95
A36: VAL-PA03-60 | B36: 350 | D36: =CEILING(B36*1.1,5) -> 385 | E36: =CEILING(B36*1.15,5) -> 405 | F36: 490 | G36: =(E36-B36)/B36 -> 0.15714286 | H36: =F36-E36 -> 85
A37: VAL-PA03-630 | B37: 360 | D37: =CEILING(B37*1.1,5) -> 400 | E37: =CEILING(B37*1.15,5) -> 415 | F37: 490 | G37: =(E37-B37)/B37 -> 0.15277778 | H37: =F37-E37 -> 75
A38: VAL-VT01-60 | B38: 750 | D38: =CEILING(B38*1.1,5) -> 825 | E38: =CEILING(B38*1.15,5) -> 865 | F38: 900 | G38: =(E38-B38)/B38 -> 0.15333333 | H38: =F38-E38 -> 35
A39: VAL-VT03-630F | B39: 750 | D39: =CEILING(B39*1.1,5) -> 825 | E39: =CEILING(B39*1.15,5) -> 865 | F39: 900 | G39: =(E39-B39)/B39 -> 0.15333333 | H39: =F39-E39 -> 35
... A123: GX-002 | B123: 70 | D123: =CEILING(B123*1.1,5) -> 80 | E123: =CEILING(B123*1.15,5) -> 85 | F123: 100 | G123: =(E123-B123)/B123 -> 0.21428571 | H123: =F123-E123 -> 15
A124: VAL-501/3 | B124: 18 | D124: =CEILING(B124*1.1,5) -> 20 | E124: =CEILING(B124*1.15,5) -> 25 | F124: =CEILING(B124*1.3,5) -> 25 | G124: =(E124-B124)/B124 -> 0.38888889 | H124: =F124-E124 -> 0
A125: PKY-1506 | B125: 16 | D125: =CEILING(B125*1.1,5) -> 20 | E125: =CEILING(B125*1.15,5) -> 20 | F125: 50 | G125: =(E125-B125)/B125 -> 0.25 | H125: =F125-E125 -> 30
A126: SR-001 | B126: 10 | D126: =CEILING(B126*1.1,5) -> 15 | E126: =CEILING(B126*1.15,5) -> 15 | F126: 35 | G126: =(E126-B126)/B126 -> 0.5 | H126: =F126-E126 -> 20
A127: SR-002 | B127: 10 | D127: =CEILING(B127*1.1,5) -> 15 | E127: =CEILING(B127*1.15,5) -> 15 | F127: 35 | G127: =(E127-B127)/B127 -> 0.5 | H127: =F127-E127 -> 20
A128: PK-MARD-04 | B128: 31 | D128: =CEILING(B128*1.1,5) -> 35 | E128: =CEILING(B128*1.15,5) -> 40 | F128: 50 | G128: =(E128-B128)/B128 -> 0.29032258 | H128: =F128-E128 -> 10
A129: HADL-6 | B129: 22 | D129: =CEILING(B129*1.1,5) -> 25 | E129: =CEILING(B129*1.15,5) -> 30 | F129: =CEILING(B129*1.3,5) -> 30 | G129: =(E129-B129)/B129 -> 0.36363636 | H129: =F129-E129 -> 0
A130: VAL-1708 | B130: 10 | D130: =CEILING(B130*1.1,5) -> 15 | E130: =CEILING(B130*1.15,5) -> 15 | F130: 35 | G130: =(E130-B130)/B130 -> 0.5 | H130: =F130-E130 -> 20
A131: VAL-1200 | B131: 10 | D131: =CEILING(B131*1.1,5) -> 15 | E131: =CEILING(B131*1.15,5) -> 15 | F131: 35 | G131: =(E131-B131)/B131 -> 0.5 | H131: =F131-E131 -> 20
A132: VAL-1201 | B132: 10 | D132: =CEILING(B132*1.1,5) -> 15 | E132: =CEILING(B132*1.15,5) -> 15 | F132: 35 | G132: =(E132-B132)/B132 -> 0.5 | H132: =F132-E132 -> 20
A133: ND-02 | B133: 120 | D133: =CEILING(B133*1.1,5) -> 135 | E133: =CEILING(B133*1.15,5) -> 140 | F133: 160 | G133: =(E133-B133)/B133 -> 0.16666667 | H133: =F133-E133 -> 20
A134: C-04 | B134: 55 | D134: =CEILING(B134*1.1,5) -> 65 | E134: =CEILING(B134*1.15,5) -> 65 | F134: 80 | G134: =(E134-B134)/B134 -> 0.18181818 | H134: =F134-E134 -> 15
A135: HP/2 | B135: 350 | D135: =CEILING(B135*1.1,5) -> 385 | E135: =CEILING(B135*1.15,5) -> 405 | F135: 439 | G135: =(E135-B135)/B135 -> 0.15714286 | H135: =F135-E135 -> 34
A136: VAL-400 | B136: 79 | D136: =CEILING(B136*1.1,5) -> 90 | E136: =CEILING(B136*1.15,5) -> 95 | F136: 120 | G136: =(E136-B136)/B136 -> 0.20253165 | H136: =F136-E136 -> 25
A137: HS-00339 | B137: 28 | D137: =CEILING(B137*1.1,5) -> 35 | E137: =CEILING(B137*1.15,5) -> 35 | F137: 60 | G137: =(E137-B137)/B137 -> 0.25 | H137: =F137-E137 -> 25
A138: BD-051 | B138: 28 | D138: =CEILING(B138*1.1,5) -> 35 | E138: =CEILING(B138*1.15,5) -> 35 | F138: 55 | G138: =(E138-B138)/B138 -> 0.25 | H138: =F138-E138 -> 20
A139: VAL-8005 | B139: 16 | D139: =CEILING(B139*1.1,5) -> 20 | E139: =CEILING(B139*1.15,5) -> 20 | F139: 55 | G139: =(E139-B139)/B139 -> 0.25 | H139: =F139-E139 -> 35
A140: H-004 | B140: 750 | D140: =CEILING(B140*1.1,5) -> 825 | E140: =CEILING(B140*1.15,5) -> 865 | F140: 950 | G140: =(E140-B140)/B140 -> 0.15333333 | H140: =F140-E140 -> 85
A141: H-005 | B141: 1600 | D141: =CEILING(B141*1.1,5) -> 1760 | E141: =CEILING(B141*1.15,5) -> 1840 | F141: 1950 | G141: =(E141-B141)/B141 -> 0.15 | H141: =F141-E141 -> 110
A142: H-010 | B142: 250 | D142: =CEILING(B142*1.1,5) -> 275 | E142: =CEILING(B142*1.15,5) -> 290 | F142: =CEILING(B142*1.3,5) -> 325 | G142: =(E142-B142)/B142 -> 0.16 | H142: =F142-E142 -> 35
A143: H-011 | B143: 490 | D143: =CEILING(B143*1.1,5) -> 540 | E143: =CEILING(B143*1.15,5) -> 565 | F143: =CEILING(B143*1.3,5) -> 640 | G143: =(E143-B143)/B143 -> 0.15306122 | H143: =F143-E143 -> 75
A144: ZM-H004/005 | B144: 50 | D144: =CEILING(B144*1.1,5) -> 55 | E144: =CEILING(B144*1.15,5) -> 60 | F144: =CEILING(B144*1.3,5) -> 65 | G144: =(E144-B144)/B144 -> 0.2 | H144: =F144-E144 -> 5
A145: GLY-1302 | B145: 65 | D145: =CEILING(B145*1.1,5) -> 75 | E145: =CEILING(B145*1.15,5) -> 75 | F145: 100 | G145: =(E145-B145)/B145 -> 0.15384615 | H145: =F145-E145 -> 25
A146: Z-027 | B146: 33 | D146: =CEILING(B146*1.1,5) -> 40 | E146: =CEILING(B146*1.15,5) -> 40 | F146: 60 | G146: =(E146-B146)/B146 -> 0.21212121 | H146: =F146-E146 -> 20
A147: Z-028 | B147: 45 | D147: =CEILING(B147*1.1,5) -> 50 | E147: =CEILING(B147*1.15,5) -> 55 | F147: 80 | G147: =(E147-B147)/B147 -> 0.22222222 | H147: =F147-E147 -> 25
A148: PKY-2282 | B148: 65 | D148: =CEILING(B148*1.1,5) -> 75 | E148: =CEILING(B148*1.15,5) -> 75 | F148: 90 | G148: =(E148-B148)/B148 -> 0.15384615 | H148: =F148-E148 -> 15
A149: Q-71 | B149: 60 | D149: =CEILING(B149*1.1,5) -> 70 | E149: =CEILING(B149*1.15,5) -> 70 | F149: 120 | G149: =(E149-B149)/B149 -> 0.16666667 | H149: =F149-E149 -> 50
A150: VAL-300 | B150: 40 | D150: =CEILING(B150*1.1,5) -> 45 | E150: =CEILING(B150*1.15,5) -> 50 | F150: 100 | G150: =(E150-B150)/B150 -> 0.25 | H150: =F150-E150 -> 50
A151: OY-983-S | B151: 155 | D151: =CEILING(B151*1.1,5) -> 175 | E151: =CEILING(B151*1.15,5) -> 180 | F151: 200 | G151: =(E151-B151)/B151 -> 0.16129032 | H151: =F151-E151 -> 20
A152: OY-983-M | B152: 155 | D152: =CEILING(B152*1.1,5) -> 175 | E152: =CEILING(B152*1.15,5) -> 180 | F152: 200 | G152: =(E152-B152)/B152 -> 0.16129032 | H152: =F152-E152 -> 20
A153: OY-983-L | B153: 155 | D153: =CEILING(B153*1.1,5) -> 175 | E153: =CEILING(B153*1.15,5) -> 180 | F153: 200 | G153: =(E153-B153)/B153 -> 0.16129032 | H153: =F153-E153 -> 20
A154: OY-993-S | B154: 170 | D154: =CEILING(B154*1.1,5) -> 190 | E154: =CEILING(B154*1.15,5) -> 200 | F154: 220 | G154: =(E154-B154)/B154 -> 0.17647059 | H154: =F154-E154 -> 20
A155: OY-993-M/1 | B155: 170 | D155: =CEILING(B155*1.1,5) -> 190 | E155: =CEILING(B155*1.15,5) -> 200 | F155: 220 | G155: =(E155-B155)/B155 -> 0.17647059 | H155: =F155-E155 -> 20
A156: OY-993-L | B156: 170 | D156: =CEILING(B156*1.1,5) -> 190 | E156: =CEILING(B156*1.15,5) -> 200 | F156: 220 | G156: =(E156-B156)/B156 -> 0.17647059 | H156: =F156-E156 -> 20
... A247: VAL-025-1 | B247: 155 | D247: =CEILING(B247*1.1,5) -> 175 | E247: =CEILING(B247*1.15,5) -> 180 | F247: 210 | G247: =(E247-B247)/B247 -> 0.16129032 | H247: =F247-E247 -> 30
A248: VAL-025-2 | B248: 165 | D248: =CEILING(B248*1.1,5) -> 185 | E248: =CEILING(B248*1.15,5) -> 190 | F248: =CEILING(B248*1.3,5) -> 215 | G248: =(E248-B248)/B248 -> 0.15151515 | H248: =F248-E248 -> 25
A249: VAL-025-3 | B249: 175 | D249: =CEILING(B249*1.1,5) -> 195 | E249: =CEILING(B249*1.15,5) -> 205 | F249: =CEILING(B249*1.3,5) -> 230 | G249: =(E249-B249)/B249 -> 0.17142857 | H249: =F249-E249 -> 25
A250: VAL-025-4 | B250: 185 | D250: =CEILING(B250*1.1,5) -> 205 | E250: =CEILING(B250*1.15,5) -> 215 | F250: =CEILING(B250*1.3,5) -> 245 | G250: =(E250-B250)/B250 -> 0.16216216 | H250: =F250-E250 -> 30
A251: LU-1702 | B251: 95 | D251: =CEILING(B251*1.1,5) -> 105 | E251: =CEILING(B251*1.15,5) -> 110 | F251: 125 | G251: =(E251-B251)/B251 -> 0.15789474 | H251: =F251-E251 -> 15
A252: JX-1 | B252: 175 | D252: =CEILING(B252*1.1,5) -> 195 | E252: =CEILING(B252*1.15,5) -> 205 | F252: 220 | G252: =(E252-B252)/B252 -> 0.17142857 | H252: =F252-E252 -> 15
A253: JM-001 | B253: 75 | D253: =CEILING(B253*1.1,5) -> 85 | E253: =CEILING(B253*1.15,5) -> 90 | F253: 105 | G253: =(E253-B253)/B253 -> 0.2 | H253: =F253-E253 -> 15
A254: JM-002 | B254: 70 | D254: =CEILING(B254*1.1,5) -> 80 | E254: =CEILING(B254*1.15,5) -> 85 | F254: 99 | G254: =(E254-B254)/B254 -> 0.21428571 | H254: =F254-E254 -> 14
A255: VAL-621/A | B255: 67 | D255: =CEILING(B255*1.1,5) -> 75 | E255: =CEILING(B255*1.15,5) -> 80 | F255: 60 | G255: =(E255-B255)/B255 -> 0.19402985 | H255: =F255-E255 -> -20
A256: VAL-620 | B256: 53 | D256: =CEILING(B256*1.1,5) -> 60 | E256: =CEILING(B256*1.15,5) -> 65 | F256: 80 | G256: =(E256-B256)/B256 -> 0.22641509 | H256: =F256-E256 -> 15
A257: CH-1200 | B257: 15 | D257: =CEILING(B257*1.1,5) -> 20 | E257: =CEILING(B257*1.15,5) -> 20 | F257: 45 | G257: =(E257-B257)/B257 -> 0.33333333 | H257: =F257-E257 -> 25
A258: XL-11301 | B258: 98 | D258: =CEILING(B258*1.1,5) -> 110 | E258: =CEILING(B258*1.15,5) -> 115 | F258: 130 | G258: =(E258-B258)/B258 -> 0.17346939 | H258: =F258-E258 -> 15
A259: VAL-670 | B259: 29 | D259: =CEILING(B259*1.1,5) -> 35 | E259: =CEILING(B259*1.15,5) -> 35 | F259: =CEILING(B259*1.3,5) -> 40 | G259: =(E259-B259)/B259 -> 0.20689655 | H259: =F259-E259 -> 5
A260: PKY-1553 | B260: 35 | D260: =CEILING(B260*1.1,5) -> 40 | E260: =CEILING(B260*1.15,5) -> 45 | F260: 60 | G260: =(E260-B260)/B260 -> 0.28571429 | H260: =F260-E260 -> 15
A261: VAL-589 | B261: 85 | D261: =CEILING(B261*1.1,5) -> 95 | E261: =CEILING(B261*1.15,5) -> 100 | F261: 130 | G261: =(E261-B261)/B261 -> 0.17647059 | H261: =F261-E261 -> 30
A262: VAL-651 | B262: 30 | D262: =CEILING(B262*1.1,5) -> 35 | E262: =CEILING(B262*1.15,5) -> 35 | F262: 99 | G262: =(E262-B262)/B262 -> 0.16666667 | H262: =F262-E262 -> 64
A263: VAL-651/1 | B263: 50 | D263: =CEILING(B263*1.1,5) -> 55 | E263: =CEILING(B263*1.15,5) -> 60 | F263: 120 | G263: =(E263-B263)/B263 -> 0.2 | H263: =F263-E263 -> 60
A264: VAL-900 | B264: 105 | D264: =CEILING(B264*1.1,5) -> 120 | E264: =CEILING(B264*1.15,5) -> 125 | F264: 150 | G264: =(E264-B264)/B264 -> 0.19047619 | H264: =F264-E264 -> 25
A265: VAL-302 | B265: 38 | D265: =CEILING(B265*1.1,5) -> 45 | E265: =CEILING(B265*1.15,5) -> 45 | F265: 65 | G265: =(E265-B265)/B265 -> 0.18421053 | H265: =F265-E265 -> 20
A266: VAL-303 | B266: 39 | D266: =CEILING(B266*1.1,5) -> 45 | E266: =CEILING(B266*1.15,5) -> 45 | F266: 65 | G266: =(E266-B266)/B266 -> 0.15384615 | H266: =F266-E266 -> 20
A267: VAL-304 | B267: 40 | D267: =CEILING(B267*1.1,5) -> 45 | E267: =CEILING(B267*1.15,5) -> 50 | F267: 65 | G267: =(E267-B267)/B267 -> 0.25 | H267: =F267-E267 -> 15
A268: VAL-306 | B268: 41 | D268: =CEILING(B268*1.1,5) -> 50 | E268: =CEILING(B268*1.15,5) -> 50 | F268: 65 | G268: =(E268-B268)/B268 -> 0.2195122 | H268: =F268-E268 -> 15
A269: VAL-11001 | B269: 43 | D269: =CEILING(B269*1.1,5) -> 50 | E269: =CEILING(B269*1.15,5) -> 50 | F269: 70 | G269: =(E269-B269)/B269 -> 0.1627907 | H269: =F269-E269 -> 20
A270: VAL-11002 | B270: 45 | D270: =CEILING(B270*1.1,5) -> 50 | E270: =CEILING(B270*1.15,5) -> 55 | F270: 70 | G270: =(E270-B270)/B270 -> 0.22222222 | H270: =F270-E270 -> 15
A271: VAL-11002-3 | B271: 36 | D271: =CEILING(B271*1.1,5) -> 40 | E271: =CEILING(B271*1.15,5) -> 45 | F271: =CEILING(B271*1.3,5) -> 50 | G271: =(E271-B271)/B271 -> 0.25 | H271: =F271-E271 -> 5
A272: VAL-11002-4 | B272: 38 | D272: =CEILING(B272*1.1,5) -> 45 | E272: =CEILING(B272*1.15,5) -> 45 | F272: =CEILING(B272*1.3,5) -> 50 | G272: =(E272-B272)/B272 -> 0.18421053 | H272: =F272-E272 -> 5
A273: VAL-11002-5 | B273: 40 | D273: =CEILING(B273*1.1,5) -> 45 | E273: =CEILING(B273*1.15,5) -> 50 | F273: =CEILING(B273*1.3,5) -> 55 | G273: =(E273-B273)/B273 -> 0.25 | H273: =F273-E273 -> 5
A274: VAL-11002-6 | B274: 42 | D274: =CEILING(B274*1.1,5) -> 50 | E274: =CEILING(B274*1.15,5) -> 50 | F274: =CEILING(B274*1.3,5) -> 55 | G274: =(E274-B274)/B274 -> 0.19047619 | H274: =F274-E274 -> 5
A275: PRO-1 | B275: 40 | D275: =CEILING(B275*1.1,5) -> 45 | E275: =CEILING(B275*1.15,5) -> 50 | F275: 60 | G275: =(E275-B275)/B275 -> 0.25 | H275: =F275-E275 -> 10
...

Sheet data
A1: รหัสสินค้า | B1: สี | C1: ออฟชั่น | D1: ชื่อสินค้า | E1: รายละเอียดสินค้า | F1: แบรนด์ | G1: หมวด | H1: หมวดย่อย | I1: ซัพพลายเออร์ | J1: ต้นทุน | K1: ส่ง | L1: ตัวแทน | M1: ลดพิเศษ | N1: ปลีก | O1: หน้าเว็บ | P1: สต๊อก | Q1: ลดราคา | R1: ร่วมโปร | S1: ขายตัวแทน | T1: ขายหน้าเว็บ | U1: SKU | V1: บาร์โคด
A2: GAD-001 | D2: กู๊ด ออล เดย์ | E2: <p>GOOD ALL DAY:GENTLEMAN POMADE</p> <p>สีฟ้า กู๊ด ออล เดย์ เจนเทิลแมนโพเมด ปริมาณ 80 g.</p> <p>&nbsp; &nbsp; &nbsp; &nbsp;โพเมดจัดเเต่งทรงผม สูตร water based ให้ผมอยู่ทรงนานตลอดทั้งวัน ล้างออกง่าย จัดเเต่งทรงผม</p> <p>ได้หลายสไตล์ ทั้งแนววินเทจหรือปฟชั้น เพิ่มความมั่นใจหมดห่วงเรื่องทรงผมตลอดทั้งวัน</p> <p>&nbsp;</p> <p>วิธีใช้. นำโพเมดมาถูบนฝ่ามือให้อ่อนตัวลงเเล้วใช้จัดเเต่งทรงผมตามต้องการ</p> <p>warning: ควรใช้กับเส้นผมเท่านั้น</p> <p><br /><br /></p> | F2: GOOD ALL DAY | G2: Grooming - ผลิตภัณพ์จัดแต่งทรงผมและหนวด | H2: Hair Styling (จัดแต่งทรงผมผู้ชาย) | I2: บริษัท พันธ์วาดี จำกัด | J2: 190 | K2: 99 | L2: 250 | M2: 200 | N2: 390 | O2: 540 | P2: 85 | S2: 1 | T2: 1 | V2: 8858890715045
A3: GAD-002 | D3: กู๊ด ออล เดย์ ไฟเบอร์ แว็กซ์ | E3: <p>GOOD ALL DAY: Gentleman Fiber Wax สีเหลือง</p> <p>กู๊ด ออล เดย์ เจนเทิลแมนไฟเบอร์ แว๊ก 80 g.</p> <p>&nbsp; &nbsp; &nbsp; แว๊กซ์จัดแต่งทรงผม สูตร FIBER ช่วยให้ผมอยู่ทรงยาวนานตลอดทั้งวัน ล้างออกง่าย</p> <p>จัดแต่งทรงผมได้หลากหลายสไตล์ ทั้งแนววินเทจหรือปฟชั้น เพิ่มความมั่นใจหมดห่วงเรื่อง</p> <p>ทรงผม ตลอดทั้งวัน</p> <p>&nbsp;</p> <p>วิธีใช้: นำเเว็กซ์มาถูบนฝ่ามือให้อ่อนตัวลงแล้วใช้จัดเเต่งทรงผมตามต้องการ</p> <p>warning: ควรใช้กับเส้นผมเท่านั้น</p> | F3: GOOD ALL DAY | G3: Grooming - ผลิตภัณพ์จัดแต่งทรงผมและหนวด | H3: Hair Styling (จัดแต่งทรงผมผู้ชาย) | I3: บริษัท พันธ์วาดี จำกัด | J3: 150 | K3: 99 | L3: 200 | M3: 200 | N3: 290 | O3: 450 | P3: 79 | R3: 1 | S3: 1 | T3: 1 | V3: 8858890715052
A4: GAD-003 | D4: กู๊ด ออล เดย์ แบล็ค เคลย์ | E4: <p>GOOD ALL DAY: Gentleman All Black Clay สีดำ</p> <p>กู๊ด ออล เดย์ เจนเทิลแมนออลแบล็คเครย์ 80 ml.</p> <p>&nbsp; &nbsp; &nbsp; &nbsp; &nbsp;ดินน้ำมันแต่งผม เพิ่มแท๊กซ์เจอร์และให้ลุคทรงผมด้านไม่เงา ผมอยู่ทรงนานตลอดทั้งวัน</p> <p>ล้างออกง่าย จัดแต่งทรงผมได้หลากหลายสไตล์ทั้งแนววืนเทจและแฟชั่น เพิ่มความมั่นใจหมด</p> <p>ห่วงเรื่องผมตลอดทั้งวัน</p> <p>&nbsp;</p> <p>วิธีใช้: นำเครย์มาถูบนฝ่ามือให้อ่อนตัวลงเเล้วใช้จัดเเต่งทรงผมตามต้องการ</p> <p>warning: ควรใช้กับเส้นผมเท่านั้น</p> | F4: GOOD ALL DAY | G4: Grooming - ผลิตภัณพ์จัดแต่งทรงผมและหนวด | H4: Hair Styling (จัดแต่งทรงผมผู้ชาย) | I4: บริษัท พันธ์วาดี จำกัด | J4: 150 | K4: 99 | L4: 290 | M4: 170 | N4: 320 | O4: 540 | P4: 42 | S4: 1 | T4: 1 | V4: 8858890715069
A5: BB-702 | D5: บาร์เบอร์ เบรน เท็คเจอร์ & วอลลุ่ม แฮร์ สเปรย์ BB-702 | E5: <p>BARBER BRAIN Texture &amp; Volume Hair Spray&nbsp;</p> <p>บาร์เบอร์ เบรน เท็กซ์เจอร์ &amp; วอลลุ่ม แฮร์ สเปรย์</p> <p>ปริมาณ&nbsp;200 ml.</p> <p>&nbsp;</p> <p>คุณสมบัติ:</p> <p>&nbsp; &nbsp; &nbsp; &nbsp; &nbsp;✔︎ เพิ่มเท็กซ์เจอร์และวอลลุ่มให้เส้นผม</p> <p>&nbsp; &nbsp; &nbsp; &nbsp; &nbsp;✔︎ ช่วยให้การไดร์ยกโคนผมง่ายขึ้น</p> <p>&nbsp; &nbsp; &nbsp; &nbsp; &nbsp;✔︎ ทรงผมเป็นธรรมชาติอย่างมีสไตล์</p> | F5: Barber Brain | G5: Grooming - ผลิตภัณพ์จัดแต่งทรงผมและหนวด | H5: Hair Styling (จัดแต่งทรงผมผู้ชาย) | I5: บริษัท พันธ์วาดี จำกัด | J5: 99 | K5: 99 | L5: 179 | M5: 180 | N5: 199 | O5: 199 | P5: 231 | S5: 1 | T5: 1 | V5: 8858890717025
A6: BB-108 | D6: ปัตตาเลี่ยนไร้สาย BB-108 แถมหวีรองซอย BB-106-06 | E6: <p class="p1">&ldquo;Barber Brain Wireless Hair clipper the Black Beast series II&rdquo;</p> <p class="p2"><span class="s1">&ldquo;</span>บาร์เบอร์เบรน ปัตตาเลี่ยนไร้สาย เดอะ แบล็ค บีซท รุ่น<span class="s1"> 2&rdquo;</span></p> <p class="p2">&nbsp;</p> <p class="p1">คุณสมบัติ</p> <p class="p1"><span class="s2">กำลังไฟ</span>&nbsp;220V 50Hz 6w</p> <p class="p2">ใบมีดฟันคู่<span class="s1">&nbsp;micro teeth blade&nbsp;</span>หรือที่ช่างผมเรียกว่าฟันเฟด</p> <p class="p2">ปรับระดับฟันได้ถึง<span class="s1">&nbsp;4&nbsp;</span>ขั้น</p> <p class="p2">ความเร็วรอบมอเตอร์ไฟฟ้า<span class="s1">&nbsp;6,000 RPM</span></p> <p class="p2">แบตลิเที่ยม<span class="s1">&nbsp;2,600 mAh</span></p> <p class="p2">&nbsp;</p> <p class="p2">&nbsp;</p> | F6: Barber Brain | G6: Electrical Equipment - อุปกรณ์ไฟฟ้า | H6: ปัตตาเลี่ยนไร้สาย | I6: บริษัท พันธ์วาดี จำกัด | J6: 945 | K6: 999 | L6: 1130 | M6: 1200 | N6: 1450 | O6: 1450 | P6: 501 | R6: 1 | S6: 1 | T6: 1 | V6: 8588890721172
A7: BB-503 | D7: บาร์เบอร์ เบรน ผลิตภัณฑ์จัดแต่งทรงผม โพเมด สูตรเงา รุ่น BB-503 | E7: <p>BARBER BRAIN Glue Gel เจลจัดแต่งทรงผม ขนาด 80g.</p> <p>คุณสมบัติ:<br />&nbsp; &nbsp; &nbsp; &nbsp; &nbsp; &nbsp; เจลจัดแต่งทรงผม สำหรับผู้ที่ชื่นชอบทรงผมลุคเนี๊ยบ เท่ๆ หรือทรงผมแนวย้อนยุควินเทจ<br />โดยเฉพาะ ให้ทรงผมอยู่ทรงทั้งวันพร้อมให้ความเงาสูง ช่วยให้คุณจัดแต่งทรงผมได้หลากหลายสไตล์ <br />ล้างทำความสะอาดง่ายไม่เหนียวเหนอะหนะ และไม่ทำให้เกิดขุย <br />&nbsp; &nbsp; &nbsp;✔︎ ใช้สำหรับจัดแต่งทรงผมชาย ได้หลายทางหรือแม้แต่หวีเรียบ <br />&nbsp; &nbsp; &nbsp;✔︎ อยู่ทรงทั้งวัน และปรับแต่งทรงผมได้ตลอดทั้งวัน <br />&nbsp; &nbsp; &nbsp;✔︎ หล่อ ดูดี มีชีวิตชีวา <br />&nbsp; &nbsp; &nbsp;✔︎ เนื้อเจลเป็นเนื้อแบบกลูเจลทำให้ง่ายต่อการเกลี่ยจัดแต่งทรงผมแลุอยู่ติดทนยาวนานยิ่งขึ้น</p> <p><br /> <br />วิธีใช้: <br /> &nbsp; &nbsp; &nbsp; &nbsp; &nbsp; &nbsp;&nbsp;สามารถทำได้ด้วยตนเอง เพียงแค่ควักเนื้อครีม ปริมาณ 1 ข้อนิ้ว แล้วทาลงบนบริเวณที่<br />ต้องการจะจัดแต่งเส้นผมให้อยู่ทรง</p> <p><br />Warning*สำหรับใช้กับเส้นผมเท่านั้น <br />โปรดเก็บไว้ในที่ร่มและพ้นมือเด็ก ห้ามใช้กับเด็กที่มีอายุต่ำกว่า 3 ขวบ และระวังอย่าให้เข้าตา</p> <p>..........................................................................</p> <p class="p1">&nbsp;</p> | F7: Barber Brain | G7: Grooming - ผลิตภัณพ์จัดแต่งทรงผมและหนวด | H7: Hair Styling (จัดแต่งทรงผมผู้ชาย) | I7: บริษัท พันธ์วาดี จำกัด | J7: 150 | K7: 99 | L7: 215 | M7: 165 | N7: 240 | O7: 240 | P7: 87 | S7: 1 | T7: 1 | V7: 8858890715038
A8: PK-0529 | B8: 01-BLACK | D8: กระจกเหลี่ยม | E8: <p>กระจกเหลี่ยม <br />มีขนาดถึงปลายด้ามจับ 31*22.5 ซม. <br />ขนาดไม่รวมด้ามจับ 20ซม. หนา 1ซม.</p> <p>คุณสมบัติ: <br />✔︎ กระจกเหลี่ยม บาร์เบอร์เบรน <br />✔︎ ใช้สำหรับส่องให้ลูกค้าสามารถเห็นทรงผมด้านหลังหรือสามารถใช้ส่องเวลาตัดผมด้วยตนเอง <br />✔︎ วัสดุดีมีคุณภาพ แข็งแรงทนทาน <br />✔︎ กระจกไม่มัว ไม่หลอกตาแน่นอน<br /> ..........................................................................</p> <p>&nbsp;</p> | F8: VALENTE | G8: Other Equipment - อุปกรณ์อื่นๆ | H8: กระจก | I8: บริษัท พันธ์วาดี จำกัด | J8: 70 | K8: 0 | L8: 85 | M8: 0 | N8: 100 | O8: 150 | P8: 7 | R8: 1 | S8: 1 | T8: 1 | V8: 8858890790233
A9: PKY-1577 | D9: กรรไกรตัดซอย 5.5นิ้ว | E9: <p>ในชุดมีทั้ง <br />1. กรรไกรซอย+กรรไกรตัดผม ขนาด 5.5 นิ้ว<br />2. ฟรีกระเป๋าใส่กรรไกร</p> <p>คุณสมบัติ: <br />✔︎ ชุดกรรไกรตัด+ซอย <br />✔︎ น้ำหนักเบา จับถนัดมือ <br />✔︎ มียางกันกระแทก <br />✔︎ ตัวกรรไกรทำจากเหล็กคุณภาพสูง <br />✔︎ พร้อมใช้งานได้ทันทีโดยไม่ต้องลับคมกรรไกร <br />✔︎ ด้วยคุณภาพของวัสดุชั้นดี ให้ความคมสูงมาก <br />✔︎ สัมผัสลื่น คม โลหะคุณภาพดี<br />✔︎ ทำจากวัสดุชั้นดีแข็งแรงทนทาน</p> <p>วิธีใช้: <br />✂ กรรไกรตัด ใช้ตัดผมให้สั้นลง บางทีก็ใช้ตัดให้ผมบางลงได้ ขึ้นอยู่กับวิธีการตัด <br />✂ กรรไกรซอย(ฟันปลา) ใช้ซอยผมให้บางลง ขนาดความยาวเท่าเดิม <br />**สามารถดูวิธีใช้เพิ่มเติมได้ที่ QR code บนกล่อง</p> <p>..........................................................................</p> <p>&nbsp;</p> | F9: VALENTE | G9: Hair Scissors - กรรไกรตัดซอย | H9: สินค้าแบบเซต | I9: บริษัท พันธ์วาดี จำกัด | J9: 325 | K9: 0 | L9: 0 | M9: 0 | N9: 570 | O9: 700 | P9: 0 | T9: 1 | V9: 8858890760946
A10: OY-601 | B10: 10-PINK | D10: หมอนรองมือ | E10: <p>หมอนรองมือ</p> <p>คุณสมบัติ: <br />✔︎ วัสดุทำจาก PVC หรือพลาสติกแปรรูป <br />✔︎ ขนาด กว้าง 9.5 ซม. ยาว 29.5 ซม. สูง 6 ซม. <br />✔︎ ใช้สำหรับรองมือขณะทำเล็บ <br />✔︎ ป้องกันอาการเมื่อยข้อมือของลูกค้า <br />✔︎ มี4สี สีชมพูเข้ม / ชมพูอ่อน / สีม่วง / สีส้ม</p> <p><br /><br /></p> | F10: VALENTE | G10: Manicure and Pedicure - สปามือและเท้า | H10: Nail Tools (อุปกรณ์ตกแต่ง) | I10: บริษัท พันธ์วาดี จำกัด | J10: 83 | K10: 0 | L10: 0 | M10: 0 | N10: 99 | O10: 200 | P10: 5 | R10: 1 | S10: 1 | T10: 1 | V10: 8858890732264
A11: OY-601 | B11: 13-ORANGE | D11: หมอนรองมือ | E11: <p>หมอนรองมือ</p> <p>คุณสมบัติ: <br />✔︎ วัสดุทำจาก PVC หรือพลาสติกแปรรูป <br />✔︎ ขนาด กว้าง 9.5 ซม. ยาว 29.5 ซม. สูง 6 ซม. <br />✔︎ ใช้สำหรับรองมือขณะทำเล็บ <br />✔︎ ป้องกันอาการเมื่อยข้อมือของลูกค้า <br />✔︎ มี4สี สีชมพูเข้ม / ชมพูอ่อน / สีม่วง / สีส้ม</p> <p><br /><br /></p> | F11: VALENTE | G11: Manicure and Pedicure - สปามือและเท้า | H11: Nail Tools (อุปกรณ์ตกแต่ง) | I11: บริษัท พันธ์วาดี จำกัด | J11: 83 | K11: 0 | L11: 0 | M11: 0 | N11: 99 | O11: 200 | P11: 3 | R11: 1 | S11: 1 | T11: 1 | V11: 8858890732264
A12: OY-601 | B12: 17-LIGHT PINK | D12: หมอนรองมือ | E12: <p>หมอนรองมือ</p> <p>คุณสมบัติ: <br />✔︎ วัสดุทำจาก PVC หรือพลาสติกแปรรูป <br />✔︎ ขนาด กว้าง 9.5 ซม. ยาว 29.5 ซม. สูง 6 ซม. <br />✔︎ ใช้สำหรับรองมือขณะทำเล็บ <br />✔︎ ป้องกันอาการเมื่อยข้อมือของลูกค้า <br />✔︎ มี4สี สีชมพูเข้ม / ชมพูอ่อน / สีม่วง / สีส้ม</p> <p><br /><br /></p> | F12: VALENTE | G12: Manicure and Pedicure - สปามือและเท้า | H12: Nail Tools (อุปกรณ์ตกแต่ง) | I12: บริษัท พันธ์วาดี จำกัด | J12: 83 | K12: 0 | L12: 0 | M12: 0 | N12: 99 | O12: 200 | P12: 2 | R12: 1 | S12: 1 | T12: 1 | V12: 8858890732264
A13: VAL-684 | D13: แปรงปัดผม VALENTE HAIR BRUSH VAL-684/C | E13: <p>ใช้ปัดหนวด ปัดเส้นผม ขนาดแปรงจับถนัดมือ ขนทำมาจากขนไนลอน ใช้ง่าย</p> <p>คุณสมบัติ: <br />✔︎ ขนไนลอนชั้นดี ใช้ปัดเศษผม <br />✔︎ ขนแปรงไม่แข็งมากและไม่อ่อนจนเกินไป <br />✔︎ ทนทาน ขนไม่หลุดง่าย ไม่ระคายเคือง <br />✔︎ ด้ามจับถนัดเหมาะมือ</p> <p>วิธีใช้: <br />ใช้หลังการตัดผม ปัดเศษผมเพื่อเก็บรายละเอียด และความสะอาด<br />*เหมาะสำหรับร้านบาร์เบอร์และซาลอน*<br /> ..........................................................................</p> | F13: VALENTE | G13: Comb and Brush - หวีและแปรง | H13: แปรงปัดเศษผม | I13: บริษัท พันธ์วาดี จำกัด | J13: 55 | K13: 55 | L13: 70 | M13: 65 | N13: 85 | O13: 100 | P13: 278 | R13: 1 | S13: 1 | T13: 1 | V13: 8858890794798
A14: VAL-217 | B14: 01-BLACK | D14: วาเลนเต้ มีดโกนหนวดแบบพับ 0.030g. รหัสสินค้า VAL-217 | E14: <p>คุณสมบัติ: <br /> ด้ามมีดโกน แบบพับได้ สีครีม,สีดำ <br /> ความยาวทั้งหมดประมาน 23.5 ซม. <br /> ใบมีดหักครึ่ง ใบมีดสองคม</p> <p>✔︎ วัสดุทนทาน <br />✔︎ น้ำหนักเบาใช้งานง่าย <br />✔︎ เปลี่ยนใบมีดได้ <br />✔︎ ด้ามมีดโกน กันจอน โกนหนวด ตัดผมหางเหล็ก</p> <p>..........................................................................</p> <p>&nbsp;</p> <p>&nbsp;</p> | F14: VALENTE | G14: Other Equipment - อุปกรณ์อื่นๆ | H14: ด้ามมีดโกน | I14: บริษัท พันธ์วาดี จำกัด | J14: 25 | K14: 0 | L14: 35 | M14: 0 | N14: 60 | O14: 100 | P14: 11 | R14: 1 | S14: 1 | T14: 1 | V14: 885889079379102
A15: VAL-217 | B15: 14-CREAM | D15: วาเลนเต้ มีดโกนหนวดแบบพับ 0.030g. รหัสสินค้า VAL-217 | E15: <p>คุณสมบัติ: <br /> ด้ามมีดโกน แบบพับได้ สีครีม,สีดำ <br /> ความยาวทั้งหมดประมาน 23.5 ซม. <br /> ใบมีดหักครึ่ง ใบมีดสองคม</p> <p>✔︎ วัสดุทนทาน <br />✔︎ น้ำหนักเบาใช้งานง่าย <br />✔︎ เปลี่ยนใบมีดได้ <br />✔︎ ด้ามมีดโกน กันจอน โกนหนวด ตัดผมหางเหล็ก</p> <p>..........................................................................</p> <p>&nbsp;</p> <p>&nbsp;</p> | F15: VALENTE | G15: Other Equipment - อุปกรณ์อื่นๆ | H15: ด้ามมีดโกน | I15: บริษัท พันธ์วาดี จำกัด | J15: 25 | K15: 0 | L15: 35 | M15: 0 | N15: 60 | O15: 100 | P15: 16 | R15: 1 | S15: 1 | T15: 1 | V15: 885889079379101
A16: VAL-217 | B16: 14-CREAM | C16: SIZE: S | D16: วาเลนเต้ มีดโกนหนวดแบบพับ 0.030g. รหัสสินค้า VAL-217 | E16: <p>คุณสมบัติ: <br /> ด้ามมีดโกน แบบพับได้ สีครีม,สีดำ <br /> ความยาวทั้งหมดประมาน 23.5 ซม. <br /> ใบมีดหักครึ่ง ใบมีดสองคม</p> <p>✔︎ วัสดุทนทาน <br />✔︎ น้ำหนักเบาใช้งานง่าย <br />✔︎ เปลี่ยนใบมีดได้ <br />✔︎ ด้ามมีดโกน กันจอน โกนหนวด ตัดผมหางเหล็ก</p> <p>..........................................................................</p> <p>&nbsp;</p> <p>&nbsp;</p> | F16: VALENTE | G16: Other Equipment - อุปกรณ์อื่นๆ | H16: ด้ามมีดโกน | I16: บริษัท พันธ์วาดี จำกัด | J16: 25 | K16: 0 | L16: 35 | M16: 0 | N16: 60 | O16: 100 | P16: 0 | R16: 1 | S16: 1 | T16: 1 | V16: 885889079379101
A17: ANG-613 | D17: L'ANGEL SMART KERATIN แอลแองเจล สมาร์ท เคราติน แชมพู+ทรีทเมนต์ 258 ml.x2 รุ่น ANG-613 | E17: <p>L'ANGEL LUXURY SMART KERATIN PROFESSIONAL 258 ml.x2</p> <p>แอลแองเจล ลัคซ์ชูรีย์ สมาร์ท เคราติน โปรเฟสชั่นนอล</p> <p>&nbsp;</p> <ul> <li>ANG 613 แอลแองเจล ลัคซ์ซูรีย์ สมาร์ท เคราติน โปรเฟสชั่นนอล&nbsp;</li> </ul> <p>&nbsp; &nbsp; &nbsp; &nbsp; ✔︎ แชมพูและทรีทเมนต์เคราติน</p> <p>&nbsp; &nbsp; &nbsp; &nbsp;&nbsp;✔︎ ช่วยฟื้นฟูสภาพเส้นผมที่แห้งเสีย</p> <p>&nbsp; &nbsp; &nbsp; &nbsp;&nbsp;✔︎ ช่วยลดความหยิกและหยักศกของเส้นผม</p> <p>&nbsp; &nbsp; &nbsp; &nbsp;&nbsp;✔︎ ช่วยให้ผมเรียบตรง ลดการชี้ฟู เส้นผมนุ่ม เงางาม มีน้ำหนัก</p> <p>&nbsp; &nbsp; &nbsp; &nbsp;&nbsp;✔︎ ช่วยให้จัดแต่งทรงผมได้ง่ายยิ่งขึ้น และกลิ่นที่อ่อนโยน</p> <p>&nbsp; &nbsp; &nbsp; &nbsp;&nbsp;✔︎ ให้ผลลัพธ์ยาวนานประมาณ 3 เดือน</p> | F17: LANGEL แอลแองเจล | G17: Chemical - เคมีภัณฑ์ | H17: Keratin (เคราติน) | I17: บริษัท พันธ์วาดี จำกัด | J17: 630 | K17: 650 | L17: 720 | M17: 660 | N17: 800 | O17: 1199 | P17: 62 | S17: 1 | T17: 1 | V17: 8858890716134
A18: ANG-301 | D18: L'ANGEL ARGANIC OIL SERUM แอลแองเจล เซรั่มเข้มข้นอาร์แกนิค สูตรฟื้นฟูผมแห้งเสีย 50 ml. ANG-301 | E18: <p>L'ANGEL ARGANIC NURISHING OIL SERUM</p> <p>แอลแองเจล เซรั่มเข้มข้นอาร์แกนิค 50 ml.</p> <p>สารสะกัดจากอาร์แกนออย สูตรสำหรับผมทำสีและแห้งเสีย</p> <p>เติมสารอาหารให้แก่เส้นผม ฟื้นฟูสภาพเส้นผมที่แห้งเสีย</p> <p>และมีส่วนผสมของน้ำมันเมล็ดอาร์แกน</p> <p>&nbsp;</p> <p>คุณสมบัติ:</p> <p>&nbsp; &nbsp; &nbsp; ✔︎ เพิ่มความเงางาม</p> <p>&nbsp; &nbsp; &nbsp; ✔︎ ลดการชี้ฟูของเส้นผม</p> <p>&nbsp; &nbsp; &nbsp; ✔︎ พร้อมบำรุงผม</p> | F18: LANGEL แอลแองเจล | G18: Hair Treatment - ผลิตภัณฑ์บำรุงเส้นผม | H18: Treatment (ทรีทเม้นท์บำรุง) | I18: บริษัท พันธ์วาดี จำกัด | J18: 154 | K18: 99 | L18: 190 | M18: 180 | N18: 210 | O18: 290 | P18: 93 | S18: 1 | T18: 1 | V18: 8858890713010
A19: ANG-606 | D19: L'ANGEL ARGANIC COLOR & DAMAGED HAIR SHAMPOO แชมพูอาร์แกนิค ปริมาณ 268 มล. | E19: <p>L'ANGEL ANGANIC COLOR &amp; DAMAGED HAIR SHAMPOO ANG-606 ปริมาณ 268 มล.</p> <p>&nbsp; &nbsp; &nbsp; &nbsp; &nbsp; &nbsp; แอลแองเจล แชมพูอาร์แกนิค ช่วยรักษาสีผมพร้อมฟื้นฟูสภาพเส้นผม และมีส่วนผสมของ</p> <p>น้ำมันเมล็ดอาร์แกน ด้วยสารสะกัดจากน้ำมัน เมล็ดอาร์แกนบริสุทธิ์ ช่วยฟื้นฟูสภาพเส้นผมที่แห้งเสีย</p> <p>และผมทำสีให้กลับมาชุ่มชื่น มีสุขภาพดี</p> <p>คุณสมบัติ:</p> <p>&nbsp; &nbsp; &nbsp; &nbsp; &nbsp; &nbsp; ✔︎ สารสะกัดจากอาร์แกนออย</p> <p>&nbsp; &nbsp; &nbsp; &nbsp; &nbsp; &nbsp;&nbsp;✔︎ สูตรสำหรับผมทำสีและแห้งเสีย</p> <p>&nbsp; &nbsp; &nbsp; &nbsp; &nbsp; &nbsp;&nbsp;✔︎ ช่วยรักษาสีผมพร้อมฟื้นฟูสภาพเส้นผม</p> <p>&nbsp; &nbsp; &nbsp; &nbsp; &nbsp; &nbsp;&nbsp;✔︎ ทำความสะอาดเส้นผมอย่างอ่อนโยน</p> <p>วิธีใช้:</p> <p>&nbsp; &nbsp; &nbsp; &nbsp; &nbsp; &nbsp;&nbsp;ชโลมแชมพูลงบนเส้นผมขณะเปียก นวดจนเกิดฟอง แล้วล้างออกด้วยน้ำสะอาด</p> | F19: LANGEL แอลแองเจล | G19: Hair Treatment - ผลิตภัณฑ์บำรุงเส้นผม | H19: Shampoo (ยาสระผม) | I19: บริษัท พันธ์วาดี จำกัด | J19: 160 | K19: 99 | L19: 180 | M19: 175 | N19: 210 | O19: 270 | P19: 150 | S19: 1 | T19: 1 | V19: 8858890716066
A20: ANG-208 | D20: L'ANGEL ARGANIC COLOR &amp; DAMAGED HAIR CONDITIONER ครีมนวดผมอาร์แกนิค คอนดิชันเนอร์บำรุงเส้นผมอย่างอ่อนโยน ANG-208 | E20: <p>L'ANGEL COLOR &amp; DAMAGED HAIR CONDITIONER</p> <p>&nbsp; &nbsp; &nbsp; &nbsp; &nbsp; แอลแองเจล คอนดิชันเนอร์บำรุงเส้นผมอย่างอ่อนโยน สูตรสำหรับผมทำสีและแห้งเสีย</p> <p>ด้วยสารสะกัดจาก น้ำมันเมล็ดอาร์แกนบริสุทธิ์ ช่วยฟื้นฟูสภาพเส้นผมที่แห้งเสียเเละผมทำสี</p> <p>ให้กลับมาชุ่มชื้น มีสุขภาพดี</p> <p>&nbsp;</p> <p>คุณสมบัติ:</p> <p>&nbsp; &nbsp; &nbsp; &nbsp; &nbsp; &nbsp;✔︎ ฟื้นฟูสภาพเส้นผมที่แห้งเส้น มีส่วนผสมของน้ำมันเมล็ดอาร์แกน</p> <p>&nbsp; &nbsp; &nbsp; &nbsp; &nbsp; &nbsp;✔︎ คอนดิชันเนอร์บำรุงเส้นผมอย่างอ่อนโยน</p> <p>&nbsp; &nbsp; &nbsp; &nbsp; &nbsp; &nbsp;✔︎ ช่วยฟื้นฟูสภาพเส้นผมที่ทำสีให้กลับมาชุ่มชื่น มึสุขภาพดี</p> <p>วิธีใช้: หลังสระ ชโลมคอนดิชันเนอร์ลงบนผม นวดผมโดยเน้นที่ปลายผม ทิ้งไว้ประมาณ 5-10 นาที</p> <p>แล้วล้างน้ำให้สะอาด Warning*อย่าให้เข้าตา*</p> | F20: LANGEL แอลแองเจล | G20: Hair Treatment - ผลิตภัณฑ์บำรุงเส้นผม | H20: Treatment (ทรีทเม้นท์บำรุง) | I20: บริษัท พันธ์วาดี จำกัด | J20: 149 | K20: 0 | L20: 180 | M20: 0 | N20: 210 | O20: 280 | P20: 0 | V20: 8858890712082
A21: ANG-409 | D21: L'ANGEL สเปรย์กันความร้อนอาร์แกนิค ป้องกันความร้อนจากอุปกรณ์ทำผมไฟฟ้า ANG-409 | E21: <p>L'ANGEL ARGANIC HEAT PROTION SPREY&nbsp;ปริมาณ 175 มล.</p> <p>&nbsp; &nbsp; &nbsp; &nbsp; แอลแองเจล สเปรย์กันความร้อนอาร์แกนิค ป้องกันความร้อนจากอุปกรณ์ทำผมไฟฟ้า</p> <p>และมีส่วนผสมของน้ำมันเมล็ดอาร์แกน&nbsp;</p> <p>&nbsp;</p> <p>คุณสมบัติ:</p> <p>&nbsp; &nbsp; &nbsp; &nbsp; &nbsp;✔︎ สเปรย์ช่วยปกป้องเส้นผมจากความร้อน ใช้การหนีบผมหรือไดร์ผม</p> <p>&nbsp; &nbsp; &nbsp; &nbsp; &nbsp;✔︎ ไม่ทำให้ผมแห้งเสียและชี้ฟู</p> <p>&nbsp; &nbsp; &nbsp; &nbsp; &nbsp;✔︎ พร้อมบำรุงเส้นผม</p> <p>วิธีใช้:</p> <p>&nbsp; &nbsp; &nbsp; &nbsp; &nbsp;ฉีด อาร์แกนิค แฮร์ สเปรย์ ลงบนเส้นผมเปียกหมาดๆ ให้ทั่วโดยเน้นที่ช่วงปลายของเส้นผม</p> <p>ก่อนไดร์ผม และก่อนหนีบผม จากนั้นไดร์ผม หรือหนีบผมได้ตามต้องการ Warning*อย่าให้เข้าตา*</p> | F21: LANGEL แอลแองเจล | G21: Grooming - ผลิตภัณพ์จัดแต่งทรงผมและหนวด | H21: Hair Styling (จัดแต่งทรงผมผู้หญิง) | I21: บริษัท พันธ์วาดี จำกัด | J21: 154 | K21: 0 | L21: 200 | M21: 0 | N21: 230 | O21: 290 | P21: 1 | V21: 8858890714093
A22: ANG-209 | D22: L'ANGEL ARGANIC HAIR MASQUE แฮร์มาส์ก มาร์กบำรุงผม สูตรสำหรับผมทำสีและแห้งเสีย 500 ml. ANG-209 | E22: <p>คุณสมบัติ:</p> <p>&nbsp; &nbsp; &nbsp; &nbsp; &nbsp; &nbsp; แอลแองเจลมาส์กบำรุงเส้นผม ด้วยพลังน้ำมันสกัดเย็น จากผลอาร์แกน จึงได้</p> <p>น้ำมันอาร์แกนที่มีคุณประโยชน์สูงสุด เป็นส่วนผสมใน แอล แองเจล อาร์แกนิค แฮร์มาส์ก</p> <p>ช่วยบำรุงเส้นผมอย่างล้ำลึกสุดขั้ว ทำให้ผมมีน้ำหนัก เงางาม เป็นธรรมชาติผมสลวยอย่าง</p> <p>ที่ไม่เคยรู้สึกมาก่อน สามารถนำไปใช้อบไอน้ำได้ เพื่อประสิทธิภาพที่ดียิ่งขึ้น</p> <p>&nbsp;</p> <p>วิธีใช้ :</p> <p>&nbsp; &nbsp; &nbsp; &nbsp; &nbsp; &nbsp;&nbsp;ใช้หลังสระผม เช็ดผมให้แห้งหมาด ตักครีม อาร์แกนิค แฮร์ มาสก ใส่ในมือ</p> <p>พอประมาณ หลังจากนั้น ชโลมให้ทั้วศีรษะ ทิ้งไว้ประมาณ 5-10 นาที จากนั้น ล้างออก</p> <p>ด้วยน้ำสะอาด&nbsp; Warning*อย่าให้เข้าตา*</p> <p>แนะนำ*หากใช้ควบคู่กับ ANG-606, ANG-208, ANG-209, ANG-301 จะยิ่งเกิดประสิทธิภาพมากขึ้น*</p> | F22: LANGEL แอลแองเจล | G22: Hair Treatment - ผลิตภัณฑ์บำรุงเส้นผม | H22: Treatment (ทรีทเม้นท์บำรุง) | I22: บริษัท พันธ์วาดี จำกัด | J22: 285 | K22: 99 | L22: 300 | M22: 275 | N22: 320 | O22: 450 | P22: 57 | S22: 1 | T22: 1 | V22: 8858890712099
A23: ANG-222 | D23: L'ANGELL HAIR GLOSS TREATMENT ทรีทเมนต์สำหรับผมทำสีและแห้งเสีย ANG-222 | E23: <p>แอลแองเจล กลอสเคลือบเส้นผมอาร์แกนิค ปริมาณ 500 มล</p> <p>&nbsp; &nbsp; &nbsp; &nbsp; &nbsp; ช่วยปิดเกร็ดผมทำให้เส้นผมเงางาม และมีส่วนผสมของน้ำมันเมล็ดอาร์แกน&nbsp;ทรีทเมนต์สูตรเข้มข้น เพื่อเพิ่มความเงางามให้เส้นผม เหมาะสำหรับผมทำสีและผมแห้งเสีย</p> <p>&nbsp;</p> <p>คุณสมบัติ:</p> <p>&nbsp; &nbsp; &nbsp; &nbsp; &nbsp; &nbsp; จากส่วนผสมของอาร์แกนออย ช่วยปิดเกร็ดผมทำให้เส้นผมเงางาม ลดอาการพันกันทำให้ เส้นผมทิ้งตัวสลวย ช่วยบำรุงให้เส้นผมมีความชุ่มชื่น มีคุณสมบัติเฉพาะทางที่สามารถกักเก็บ ความชุ่มชื่นได้ยาวนาน ทำให้ผมไม่หยาบกระด้างสัมผัสได้ถึงความนุ่มลื้น</p> <p>&nbsp;</p> <p>วิธีการใช้:</p> <p>&nbsp; &nbsp; &nbsp; &nbsp; &nbsp; &nbsp; &nbsp;หลังสระผม ชโลมบนผมเปียกหมาดๆ ให้ทั่วทั้งศรีษะ ทิ่งไว้ประมาณ 5-10 นาที แล้วล้าง ออกด้วยน้ำให้สะอาด</p> <p>&nbsp;</p> <p>Warning*อย่าให้เข้าตา*</p> | F23: LANGEL แอลแองเจล | G23: Hair Treatment - ผลิตภัณฑ์บำรุงเส้นผม | H23: Treatment (ทรีทเม้นท์บำรุง) | I23: บริษัท พันธ์วาดี จำกัด | J23: 217 | K23: 0 | L23: 290 | M23: 0 | N23: 320 | O23: 420 | P23: 0 | S23: 1 | T23: 1 | V23: 8858890712228
A24: ANG-609 | D24: L'ANGEL Perfect Keratin Spray สเปรย์เคราตินกันความร้อน ANG-609 | E24: <p>L'ANGEL Perfect Keratin Thermal Defense ปริมาณ 175 มล.</p> <p>แอลแองเจล เพอร์เฟค เคราติน เธอร์มอล ดีเฟ้นด์ สเปรย์เคราตินกันความร้อน ป้องกันความร้อนจากอุปกรณ์ทำผมไฟฟ้า</p> <p>และเติมเคราตินให้เส้นผม</p> <p>&nbsp;</p> <p>คุณสมบัติ:</p> <p>&nbsp; &nbsp; &nbsp; &nbsp; &nbsp;✔︎ สเปรย์ป้องกันความร้อน</p> <p>&nbsp; &nbsp; &nbsp; &nbsp; &nbsp;✔︎ บำรุงเส้นผมก่อนและหลังทำเคราติน</p> <p>&nbsp; &nbsp; &nbsp; &nbsp; &nbsp;✔︎ ช่วยปกป้องเส้นผมจากการไดร์ผม, หนีบผม, ม้วนผม, ดัดสปาเพิร์ม</p> <p>&nbsp; &nbsp; &nbsp; &nbsp; &nbsp;✔︎ ให้เส้นผมชุ่มชื่น ไม่แห้งกรอบและแตกปลาย</p> <p>&nbsp; &nbsp; &nbsp; &nbsp; &nbsp;✔︎ ช่วยบำรุงเส้นผมให้มีสุขภาพดีและคงผลของการทำเคราตินนานยิ่งขึ่น</p> | F24: LANGEL แอลแองเจล | G24: Grooming - ผลิตภัณพ์จัดแต่งทรงผมและหนวด | H24: Hair Styling (จัดแต่งทรงผมผู้หญิง) | I24: บริษัท พันธ์วาดี จำกัด | J24: 167 | K24: 0 | L24: 195 | M24: 320 | N24: 220 | O24: 286 | P24: 0 | V24: 8858890716097
A25: ANG-410 | D25: L'ANGEL Bond Creator บอนด์ ครีเอเตอร์ โปรเฟสชั่นนอล ซาลอน คิต ปริมาณ 300x3มล. ANG-410 | E25: <p data-pm-slice="1 1 []">&nbsp;</p> <p data-pm-slice="1 1 []">&nbsp;</p> <p data-pm-slice="1 1 []">&nbsp;</p> | F25: LANGEL แอลแองเจล | G25: Hair Treatment - ผลิตภัณฑ์บำรุงเส้นผม | H25: Treatment (ทรีทเม้นท์บำรุง) | I25: บริษัท พันธ์วาดี จำกัด | J25: 1650 | K25: 1000 | L25: 1250 | M25: 1100 | N25: 1350 | O25: 2000 | P25: 592 | S25: 1 | T25: 1 | V25: 8858890714109
A26: ANG-411 | D26: L&#039;ANGEL Bond Creator บอนด์ ครีเอเตอร์ 300ml. (No.3 ENHANCER) ทรีทเม้นต์บำรุงผม ANG-411 | E26: <p>L'ANGEL Bond Creator บอนด์ ครีเอเตอร์ 300ml. (No.3 ENHANCER)</p> <p>แอลแอง เจล ลัคซ์ซูรีย์ บอนด์ ครีเอเตอร์ นัมเบอร์ ทรี เอนฮานเซอร์</p> <p>&nbsp;</p> <p>คุณสมบัติ:&nbsp;</p> <p>&nbsp; &nbsp; &nbsp; &nbsp; &nbsp;✔︎ No.3 ช่วยรักษาเส้นผมอย่างต่อเนื่อง<br />&nbsp; &nbsp; &nbsp; &nbsp; &nbsp;✔︎ สามารถทำเองง่ายๆ ได้ด้วยตัวเอง <br />&nbsp; &nbsp; &nbsp; &nbsp; &nbsp;✔︎ High Quality<br />&nbsp; &nbsp; &nbsp; &nbsp; &nbsp;✔︎ Good Product<br />&nbsp; &nbsp; &nbsp; &nbsp; &nbsp;✔︎ Good Material <br />&nbsp; &nbsp; &nbsp; &nbsp; &nbsp;✔︎ เพิ่มความแข็งแรงให้เส้นผม <br />&nbsp; &nbsp; &nbsp; &nbsp; &nbsp;✔︎ ช่วยให้เส้นผมมีสุขภาพดี ไม่ชี้ฟู</p> <p>&nbsp;</p> <p>&nbsp;</p> | F26: LANGEL แอลแองเจล | G26: Hair Treatment - ผลิตภัณฑ์บำรุงเส้นผม | H26: Treatment (ทรีทเม้นท์บำรุง) | I26: บริษัท พันธ์วาดี จำกัด | J26: 257 | K26: 0 | L26: 300 | M26: 0 | N26: 350 | O26: 450 | P26: 14 | S26: 1 | T26: 1 | V26: 8858890714116
A27: ANG-069 | D27: L'ANGEL LUXURY ANGELIC 9 LEVELS แอลแองเจล ผงฟอกสีผม 400g ANG-069 | E27: <p>คุณสมบัติ: <br />&nbsp; &nbsp; &nbsp; &nbsp;ผลิตภัณฑ์ฟอกสีผม แอลแองเจลผงฟอกสีผม คุณสมบัติ ยกระดับความสว่างบของเส้นผมได้มี<br />ประสิทธิภาพมากยิ่งขึ้น สามารถใช้ได้กับทุกสภาพเส้นผม ให้ผลการฟองที่รวดเร็วตั้งเเต่ครั้งเเรกที่<br />ทำการฟอกผม</p> <p>&nbsp;</p> <p><br />วิธีใช้: <br />&nbsp; &nbsp; &nbsp; &nbsp; ผสมผงฟอก แอลเองเจล ลัคช์ชูรีย์ แองเจลิค ไนน์ เลเวลส์ แฮร์ บลีชชิ่ง พาวเดอร์ กับ <br />ดีเวลลอปเปอร์ครีม 6% 9% หรือ 12% แล้วแต่ความต้องการของระดับความสว่างของสีผม <br />ชโลมผงฟอกที่ผสมแล้วให้ทั่วเส้นผมบริเวณที่ต้องการฟองสีทิ้งไว้ประมาณ 30-35 นาที <br />(ระยะเวลาขึ้นอยู่กับสภาพเส้นผมและสีผมเดิมก่อนการฟอก) แล้วล้างออกด้วยแชมพูให้สะอาด</p> | F27: LANGEL แอลแองเจล | G27: Chemical - เคมีภัณฑ์ | H27: Bleaching Powder (ผงฟอก) | I27: บริษัท พันธ์วาดี จำกัด | J27: 288 | K27: 99 | L27: 340 | M27: 310 | N27: 390 | O27: 500 | P27: 146 | S27: 1 | T27: 1 | V27: 8858890710699
A28: BB-507 | D28: บาร์เบอร์ เบรน ผลิตภัณฑ์จัดแต่งทรงผม โพเมด สูตรแข็ง BB-507 | E28: <p>คุณสมบัติ: <br />&nbsp; &nbsp; &nbsp; &nbsp; &nbsp; &nbsp; ผลิตภัณฑ์จัดแต่งทรงผม สำหรับผู้ที่ชื่นชอบทรงลุคเนี๊ยบ เท่ๆ หรือทรงผมแนวย้อมยุควินเทจ<br />โดยเฉพาะให้ทรงผมอยู่ทรงทั้งวัน พร้อมให้ความเงาสูง ช่วยให้คุณจัดแต่งทรงผมได้หลากหลายสไตล์ <br />ล้างทำความสะอาดง่ายไม่เหนียวเหนอะหนะเพราะ มีส่วนผสมลักษณะ (Water-Based Pomade)</p> <p>&nbsp; &nbsp; &nbsp; &nbsp; &nbsp; &nbsp;&nbsp;✔︎ ใช้สำหรับจัดแต่งทรงผมชาย แนววินเทจ หวีเรียบ <br />&nbsp; &nbsp; &nbsp; &nbsp; &nbsp; &nbsp;&nbsp;✔︎ อยู่ทรงทั้งวัน และปรับแต่งทรงผมได้ตลอดทั้งวัน <br />&nbsp; &nbsp; &nbsp; &nbsp; &nbsp; &nbsp;&nbsp;✔︎ หล่อ ดูดี มีชีวิตชีวา <br />&nbsp; &nbsp; &nbsp; &nbsp; &nbsp; &nbsp;&nbsp;✔︎ เนื้อครีมโพเมดเป็นเนื้อลิควิดทำให้ง่ายต่อการเกลี่ยจัดแต่งทรงผม</p> <p>&nbsp;</p> <p>วิธีใช้: <br />&nbsp; &nbsp; &nbsp; &nbsp; &nbsp; &nbsp; &nbsp;สามารถทำได้ด้วยตนเอง เพียงแค่ควักเนื้อครีม ปริมาณ 1 ข้อนิ้ว แล้วทาลงบนบริเวณ<br />ที่ต้องการจะจัดแต่งเส้นผมให้อยู่ทรง</p> <p>Warning*สำหรับใช้กับเส้นผมเท่านั้น <br />โปรดเก็บไว้ในที่ร่มและพ้นมือเด็ก ห้ามใช้กับเด็กที่มีอายุต่ำกว่า 3 ขวบ และระวังอย่าให้เข้าตา</p> | F28: Barber Brain | G28: Grooming - ผลิตภัณพ์จัดแต่งทรงผมและหนวด | H28: Hair Styling (จัดแต่งทรงผมผู้ชาย) | I28: บริษัท พันธ์วาดี จำกัด | J28: 99 | K28: 99 | L28: 215 | M28: 250 | N28: 240 | O28: 240 | P28: 413 | S28: 1 | T28: 1 | V28: 8858890715076
A29: BB-508 | D29: บาร์เบอร์ เบรน กลู เจลจัดแต่งทรงผม รุ่น BB-508 | E29: <p>&nbsp;</p> <p>คุณสมบัติ:<br />&nbsp; &nbsp; &nbsp; &nbsp; &nbsp; &nbsp; &nbsp; &nbsp; &nbsp;เจลจัดแต่งทรงผม สำหรับผู้ที่ชื่นชอบทรงผมลุคเนี๊ยบ เท่ๆ หรือทรงผมแนวย้อนยุควินเทจ<br />โดยเฉพาะ ให้ทรงผมอยู่ทรงทั้งวันพร้อมให้ความเงาสูง ช่วยให้คุณจัดแต่งทรงผมได้หลากหลายสไตล์ <br />ล้างทำความสะอาดง่ายไม่เหนียวเหนอะหนะ และไม่ทำให้เกิดขุย <br />&nbsp; &nbsp; &nbsp; ✔︎ ใช้สำหรับจัดแต่งทรงผมชาย ได้หลายทางหรือแม้แต่หวีเรียบ <br />&nbsp; &nbsp; &nbsp;&nbsp;✔︎ อยู่ทรงทั้งวัน และปรับแต่งทรงผมได้ตลอดทั้งวัน <br />&nbsp; &nbsp; &nbsp;&nbsp;✔︎ หล่อ ดูดี มีชีวิตชีวา <br />&nbsp; &nbsp; &nbsp;&nbsp;✔︎ เนื้อเจลเป็นเนื้อแบบกลูเจลทำให้ง่ายต่อการเกลี่ยจัดแต่งทรงผมแลุอยู่ติดทนยาวนานยิ่งขึ้น</p> <p><br /> <br />วิธีใช้: <br /> &nbsp; &nbsp; &nbsp; &nbsp; &nbsp; &nbsp; &nbsp; &nbsp; &nbsp;เสามารถทำได้ด้วยตนเอง เพียงแค่ควักเนื้อครีม ปริมาณ 1 ข้อนิ้ว แล้วทาลงบนบริเวณที่<br />ต้องการจะจัดแต่งเส้นผมให้อยู่ทรง</p> <p><br />Warning*สำหรับใช้กับเส้นผมเท่านั้น <br />โปรดเก็บไว้ในที่ร่มและพ้นมือเด็ก ห้ามใช้กับเด็กที่มีอายุต่ำกว่า 3 ขวบ และระวังอย่าให้เข้าตา</p> | F29: Barber Brain | G29: Grooming - ผลิตภัณพ์จัดแต่งทรงผมและหนวด | H29: Hair Styling (จัดแต่งทรงผมผู้ชาย) | I29: บริษัท พันธ์วาดี จำกัด | J29: 160 | K29: 0 | L29: 215 | M29: 0 | N29: 240 | O29: 240 | P29: 0 | S29: 1 | T29: 1 | V29: 8858890715083
A30: BB-509 | D30: บาร์เบอร์ เบรน ผลิตภัณฑ์จัดแต่งทรงผม แฮร์ แว๊กซ์ รุ่น BB-509 | E30: <p>BARBER BRAIN Glue Gel เจลจัดแต่งทรงผม ขนาด 80g.</p> <p>คุณสมบัติ:<br />&nbsp; &nbsp; &nbsp; &nbsp; &nbsp; &nbsp; &nbsp;เจลจัดแต่งทรงผม สำหรับผู้ที่ชื่นชอบทรงผมลุคเนี๊ยบ เท่ๆ หรือทรงผมแนวย้อนยุควินเทจ<br />โดยเฉพาะ ให้ทรงผมอยู่ทรงทั้งวันพร้อมให้ความเงาสูง ช่วยให้คุณจัดแต่งทรงผมได้หลากหลายสไตล์ <br />ล้างทำความสะอาดง่ายไม่เหนียวเหนอะหนะ และไม่ทำให้เกิดขุย <br />&nbsp; &nbsp; &nbsp; &nbsp; ✔︎ ใช้สำหรับจัดแต่งทรงผมชาย ได้หลายทางหรือแม้แต่หวีเรียบ <br />&nbsp; &nbsp; &nbsp; &nbsp;&nbsp;✔︎ อยู่ทรงทั้งวัน และปรับแต่งทรงผมได้ตลอดทั้งวัน <br />&nbsp; &nbsp; &nbsp; &nbsp;&nbsp;✔︎ หล่อ ดูดี มีชีวิตชีวา <br />&nbsp; &nbsp; &nbsp; &nbsp;&nbsp;✔︎ เนื้อเจลเป็นเนื้อแบบกลูเจลทำให้ง่ายต่อการเกลี่ยจัดแต่งทรงผมแลุอยู่ติดทนยาวนานยิ่งขึ้น</p> <p><br /> <br />วิธีใช้: <br /> &nbsp; &nbsp; &nbsp; &nbsp; &nbsp; &nbsp; &nbsp;สามารถทำได้ด้วยตนเอง เพียงแค่ควักเนื้อครีม ปริมาณ 1 ข้อนิ้ว แล้วทาลงบนบริเวณที่<br />ต้องการจะจัดแต่งเส้นผมให้อยู่ทรง</p> <p><br />Warning*สำหรับใช้กับเส้นผมเท่านั้น <br />โปรดเก็บไว้ในที่ร่มและพ้นมือเด็ก ห้ามใช้กับเด็กที่มีอายุต่ำกว่า 3 ขวบ และระวังอย่าให้เข้าตา</p> | F30: Barber Brain | G30: Grooming - ผลิตภัณพ์จัดแต่งทรงผมและหนวด | H30: Hair Styling (จัดแต่งทรงผมผู้ชาย) | I30: บริษัท พันธ์วาดี จำกัด | J30: 170 | K30: 99 | L30: 215 | M30: 190 | N30: 240 | O30: 240 | P30: 61 | S30: 1 | T30: 1 | V30: 8858890715090
A31: ZP-A16008 | D31: BARBER BRAIN ยางทับซอย ยางรองซอย รุ่น ZP-A16008 | E31: <p>BARBER BRAIN ยางทับซอย</p> <p>คุณสมบัติ: <br />&nbsp; &nbsp; &nbsp; &nbsp; &nbsp;✔︎ แผ่นยางทับซอย ทำจากวัสดุดีมีคุณภาพ <br />&nbsp; &nbsp; &nbsp; &nbsp; &nbsp;✔︎ ช่วยทับไหล่และผ้าคลุมขณะตัดผม <br />&nbsp; &nbsp; &nbsp; &nbsp; &nbsp;✔︎ เนื้อยาง แบบหนา มีน้ำหนักเบาเวลารองบ่า<br />&nbsp; &nbsp; &nbsp; &nbsp; &nbsp;✔︎ ง่ายต่อการสวมใส่ <br />&nbsp; &nbsp; &nbsp; &nbsp; &nbsp;✔︎ วัสดุมีความนุ่ม น้ำหนักเบา และกันน้ำ <br />&nbsp; &nbsp; &nbsp; &nbsp; &nbsp;✔︎ ป้องกันไม่ให้เศษผม เข้าไปให้ลำคอ<br />&nbsp; &nbsp; &nbsp; &nbsp; &nbsp;✔︎ มีประสิทธิภาพในการปกป้องชุดและเสื้อผ้าจากสารเคมี เส้นผม และน้ำ <br />&nbsp; &nbsp; &nbsp; &nbsp; &nbsp;✔︎ เหมาะสำหรับใช้รองก่อนย้อมผม ดัดผม และตัดผม ใช้ได้ทั้งที่ร้าน หรือที่บ้าน</p> | F31: Barber Brain | G31: Other Equipment - อุปกรณ์อื่นๆ | H31: อุปกรณ์บาร์เบอร์ | I31: บริษัท พันธ์วาดี จำกัด | J31: 65 | K31: 0 | L31: 281 | M31: 0 | N31: 300 | O31: 390 | P31: 16 | R31: 1 | S31: 1 | T31: 1 | V31: 8858890794729
A32: VAL-64 | D32: BARBER SCISSORS กรรไกรตัดผม ด้ามดำ 6.5 | E32: <p>คุณสมบัติ: <br /> &nbsp; &nbsp; &nbsp; &nbsp; ✔︎ กรรไกรตัด ด้ามจับสีดำ <br />&nbsp; &nbsp; &nbsp; &nbsp;&nbsp;✔︎ น้ำหนักเบา จับถนัดมือ <br />&nbsp; &nbsp; &nbsp; &nbsp;&nbsp;✔︎ ใช้สำหรับตัดแต่งทรงผม</p> <p>วิธีใช้: <br />✂ กรรไกรตัด ใช้ตัดผมให้สั้นลง บางทีก็ใช้ตัดให้ผมบางลงได้ ขึ้นอยู่กับวิธีการตัด <br />**สามารถดูวิธีใช้เพิ่มเติมได้ที่ QR code บนกล่อง</p> | F32: VALENTE | G32: Hair Scissors - กรรไกรตัดซอย | H32: สินค้าแบบแยกชิ้น | I32: บริษัท พันธ์วาดี จำกัด | J32: 315 | K32: 399 | L32: 350 | M32: 350 | N32: 450 | O32: 590 | P32: 4 | R32: 1 | S32: 1 | T32: 1 | V32: 8858890761042
A33: VAL-65 | D33: BARBER SCISSORS กรรไกรซอยผม ด้ามดำ ขนาด 7 นิ้ว รุ่น VAL-65 | E33: <p>คุณสมบัติ: <br />&nbsp; &nbsp; &nbsp; &nbsp; &nbsp;✔︎ กรรไกรซอย ด้ามจับสีดำ <br />&nbsp; &nbsp; &nbsp; &nbsp; &nbsp;✔︎ น้ำหนักเบา จับถนัดมือ <br />&nbsp; &nbsp; &nbsp; &nbsp; &nbsp;✔︎ ใช้สำหรับตัดแต่งทรงผม</p> <p>วิธีใช้: <br />✂ กรรไกรซอย(ฟันปลา) ใช้ซอยผมให้บางลง ขนาดความยาวเท่าเดิม</p> <p>**สามารถดูวิธีใช้เพิ่มเติมได้ที่ QR code บนกล่อง</p> | F33: VALENTE | G33: Hair Scissors - กรรไกรตัดซอย | H33: สินค้าแบบแยกชิ้น | I33: บริษัท พันธ์วาดี จำกัด | J33: 325 | K33: 399 | L33: 350 | M33: 360 | N33: 450 | O33: 590 | P33: 91 | R33: 1 | S33: 1 | T33: 1 | V33: 8858890761059
A34: VAL-66 | D34: BARBER SCISSORS กรรไกรตัดมือซ้าย 6.5 | E34: <p><br />กรรไกรมือซ้าย กรรไกรสำหรับคนถนัดซ้าย ( ตัด)</p> <p>คุณสมบัติ: <br />✔︎ กรรไกรตัดผมสำหรับคนถนัดซ้าย<br />✔︎ กรรไกรซอยผม ยาว 6.5 นิ้ว <br />✔︎ น้ำหนักเบา จับถนัดมือ <br />✔︎ ด้วยคุณภาพของวัสดุชั้นดี ให้ความคมสูงมาก <br />✔︎ สัมผัสลื่น คม โลหะคุณภาพดี<br />✔︎ ทำจากวัสดุชั้นดีแข็งแรงทนทาน</p> <p>วิธีใช้: <br />✂ กรรไกรตัด ใช้ตัดผมให้สั้นลง บางทีก็ใช้ตัดให้ผมบางลงได้ ขึ้นอยู่กับวิธีการตัด <br />**สามารถดูวิธีใช้เพิ่มเติมได้ที่ QR code บนกล่อง</p> | F34: VALENTE | G34: Hair Scissors - กรรไกรตัดซอย | H34: สินค้าแบบแยกชิ้น | I34: บริษัท พันธ์วาดี จำกัด | J34: 320 | K34: 399 | L34: 390 | M34: 355 | N34: 450 | O34: 590 | P34: 29 | R34: 1 | S34: 1 | T34: 1 | V34: 8858890761066
A35: VAL-67 | D35: BARBER SCISSORS กรรไกรซอยมือซ้าย 6 | E35: <p>กรรไกรมือซ้าย กรรไกรสำหรับคนถนัดซ้าย (ซอย )</p> <p>คุณสมบัติ: <br />✔︎ กรรไกรตัดผมสำหรับคนถนัดซ้าย<br />✔︎ กรรไกรซอยผม ยาว 6 นิ้ว <br />✔︎ น้ำหนักเบา จับถนัดมือ <br />✔︎ ด้วยคุณภาพของวัสดุชั้นดี ให้ความคมสูงมาก <br />✔︎ สัมผัสลื่น คม โลหะคุณภาพดี<br />✔︎ ทำจากวัสดุชั้นดีแข็งแรงทนทาน</p> <p>วิธีใช้: <br />✂ กรรไกรซอย(ฟันปลา) ใช้ซอยผมให้บางลง ขนาดความยาวเท่าเดิม <br />**สามารถดูวิธีใช้เพิ่มเติมได้ที่ QR code บนกล่อง</p> | F35: VALENTE | G35: Hair Scissors - กรรไกรตัดซอย | H35: สินค้าแบบแยกชิ้น | I35: บริษัท พันธ์วาดี จำกัด | J35: 319.88 | K35: 399 | L35: 390 | M35: 355 | N35: 450 | O35: 590 | P35: 110 | R35: 1 | S35: 1 | T35: 1 | V35: 8858890761073
A36: VAL-1510B | D36: ผ้าคลุมซอย Barber Brain VAL-1510/B | E36: <p><br />ผลิตจากวัสดุ :<br /> ผ้าเสอร์ช กันน้ำได้ 80% <br /> เนื้อนุ่มมาก ระบายความร้อนได้ดี</p> <p>คุณสมบัติ:<br />&nbsp; &nbsp; &nbsp; ✔︎ ใช้สำหรับ คลุมตัดผม ซอยผม <br />&nbsp; &nbsp; &nbsp;&nbsp;✔︎ ป้องกันไม่ให้เปื้อนตอนทำเคมีต่างๆ<br />&nbsp; &nbsp; &nbsp;&nbsp;✔︎ สามารถปรับระดับได้ เป็นตะขอเกี่ยว <br />&nbsp; &nbsp; &nbsp;&nbsp;✔︎ ใช้สำหรับ คลุมตัดผม ซอยผมป้องกันไม่ให้เปื้อนตอนทำเคมีต่างๆ<br />&nbsp; &nbsp; &nbsp;&nbsp;✔︎ ด้านหลังเป็นตะขอเกี่ยว สามารถปรับระดับได้</p> | F36: Barber Brain | G36: Apron - ผ้าคลุมและผ้ากันเปื้อน | H36: ผ้าคลุมตัดผม | I36: บริษัท พันธ์วาดี จำกัด | J36: 87.08 | K36: 99 | L36: 105 | M36: 120 | N36: 120 | O36: 125 | P36: 111 | R36: 1 | S36: 1 | T36: 1 | V36: 8858890794576
A37: VAL-1510W | D37: ผ้าคลุมซอย สกรีนโลโก้ Barber Brain สีขาว VAL-1510/W | E37: <p>ผลิตจากวัสดุ :<br /> ผ้าเสอร์ช กันน้ำได้ 80% <br /> เนื้อนุ่มมาก ระบายความร้อนได้ดี</p> <p>คุณสมบัติ:<br />&nbsp; &nbsp; &nbsp; ✔︎ ใช้สำหรับ คลุมตัดผม ซอยผม <br />&nbsp; &nbsp; &nbsp;&nbsp;✔︎ ป้องกันไม่ให้เปื้อนตอนทำเคมีต่างๆ<br />&nbsp; &nbsp; &nbsp;&nbsp;✔︎ สามารถปรับระดับได้ เป็นตะขอเกี่ยว <br />&nbsp; &nbsp; &nbsp;&nbsp;✔︎ ใช้สำหรับ คลุมตัดผม ซอยผมป้องกันไม่ให้เปื้อนตอนทำเคมีต่างๆ<br />&nbsp; &nbsp; &nbsp;&nbsp;✔︎ ด้านหลังเป็นตะขอเกี่ยว สามารถปรับระดับได้</p> | F37: Barber Brain | G37: Apron - ผ้าคลุมและผ้ากันเปื้อน | H37: ผ้าคลุมตัดผม | I37: บริษัท พันธ์วาดี จำกัด | J37: 87.08 | K37: 99 | L37: 105 | M37: 120 | N37: 120 | O37: 125 | P37: 3 | R37: 1 | S37: 1 | T37: 1 | V37: 8858890794583
A38: VAL-1511B | D38: ผ้าคลุมซอย บาร์เบอร์เบรน VAL-1511/B | E38: <p>ผ้าคลุมซอยลายทางลายโลโก้บาร์เบอร์ เบรน <br />ขนาด 122x143ซม. ด้านหลังเป็นกระดุมสามารถปรับระดับได้</p> <p>ผลิตจากวัสดุ :<br /> ผ้าเสอร์ช กันน้ำได้ 80% <br /> เนื้อนุ่มมาก ระบายความร้อนได้ดี</p> <p>คุณสมบัติ: <br />&nbsp; &nbsp; &nbsp; &nbsp;✔︎ ยืนยันราคาถูกที่สุด <br />&nbsp; &nbsp; &nbsp; &nbsp;✔︎ ของแท้ 100% <br />&nbsp; &nbsp; &nbsp; &nbsp;✔︎ วัสดุใช้เนื้อผ้าระบายความร้อนได้ดี <br />&nbsp; &nbsp; &nbsp; &nbsp;✔︎ สามารถปรับสายได้<br /><strong>&nbsp; &nbsp; &nbsp; &nbsp;</strong>✔︎ด้านหลังเป็นตะขอเกี่ยวสามารถปรับระดับได้</p> | F38: VALENTE | G38: Apron - ผ้าคลุมและผ้ากันเปื้อน | H38: ผ้าคลุมตัดผม | I38: บริษัท พันธ์วาดี จำกัด | J38: 154 | K38: 0 | L38: 170 | M38: 200 | N38: 195 | O38: 250 | P38: 128 | R38: 1 | S38: 1 | T38: 1 | V38: 8858890795740
A39: VAL-1513 | D39: BARBER BRAIN CUTTING PINK APRON : ผ้าคลุมซอย บาร์เบอร์เบรน สีชมพู VAL-1513 | E39: <p>ผ้าคลุมซอยลายโลโก้บาร์เบอร์ เบรน สีชมพู <br />ขนาด 140x152 ซม. ด้านหลังเป็นตะขอเกี่ยวสามารถปรับระดับได้</p> <p>ผลิตจากวัสดุ :<br /> ผ้าเสอร์ช กันน้ำได้ 80% <br /> เนื้อนุ่มมาก ระบายความร้อนได้ดี</p> <p>คุณสมบัติ: <br />&nbsp; &nbsp; &nbsp; &nbsp;&nbsp;✔︎ ยืนยันราคาถูกที่สุด <br />&nbsp; &nbsp; &nbsp; &nbsp; ✔︎ ของแท้ 100% <br />&nbsp; &nbsp; &nbsp; &nbsp;&nbsp;✔︎ วัสดุใช้เนื้อผ้าระบายความร้อนได้ดี <br />&nbsp; &nbsp; &nbsp; &nbsp;&nbsp;✔︎ สามารถปรับสายได้<br />&nbsp; &nbsp; &nbsp; &nbsp;&nbsp;✔︎ด้านหลังเป็นตะขอเกี่ยวสามารถปรับระดับได้</p> | F39: Barber Brain | G39: Apron - ผ้าคลุมและผ้ากันเปื้อน | H39: ผ้าคลุมตัดผม | I39: บริษัท พันธ์วาดี จำกัด | J39: 170 | K39: 99 | L39: 210 | M39: 165 | N39: 190 | O39: 225 | P39: 23 | R39: 1 | S39: 1 | T39: 1 | V39: 88588907958522
A40: VAL-2985 | D40: BARBER EQUIPMENT ผ้าคลุมซอยสำหรับบาร์เบอร์ VAL-2985 | E40: <p>ผ้าคลุมซอย สีดำ ขนาด 129x145ซม. <br />ด้านหลังเป็นตะขอเกี่ยวสามารถปรับระดับได้</p> <p>ผลิตจากวัสดุ :<br /> ผ้าเสอร์ช กันน้ำได้ 80% <br /> เนื้อนุ่มมาก ระบายความร้อนได้ดี</p> <p>คุณสมบัติ: <br />&nbsp; &nbsp; &nbsp; &nbsp; &nbsp; ✔︎ ยืนยันราคาถูกที่สุด <br />&nbsp; &nbsp; &nbsp; &nbsp; &nbsp;&nbsp;✔︎ ของแท้ 100% <br />&nbsp; &nbsp; &nbsp; &nbsp; &nbsp;&nbsp;✔︎ วัสดุใช้เนื้อผ้าระบายความร้อนได้ดี <br />&nbsp; &nbsp; &nbsp; &nbsp; &nbsp;&nbsp;✔︎ สามารถปรับสายได้<br />&nbsp; &nbsp; &nbsp; &nbsp; &nbsp;&nbsp;✔︎ด้านหลังเป็นตะขอเกี่ยวสามารถปรับระดับได้</p> | F40: VALENTE | G40: Apron - ผ้าคลุมและผ้ากันเปื้อน | H40: ผ้าคลุมตัดผม | I40: บริษัท พันธ์วาดี จำกัด | J40: 125 | K40: 0 | L40: 148 | M40: 0 | N40: 165 | O40: 215 | P40: 0 | S40: 1 | T40: 1 | V40: 8858890725983
A41: VAL-1510W-1 | D41: Barber Brain ผ้าคลุมซอย VAL-1510/W-1 | E41: <p>WHITE CUTTING APRON ผ้าคลุมซอยสีขาวล้วน<br />ขนาด 153*123 cm</p> <p>คุณสมบัติ:<br />&nbsp; &nbsp; &nbsp; &nbsp; ✔︎ ใช้สำหรับ คลุมตัดผม ซอยผม <br />&nbsp; &nbsp; &nbsp; &nbsp;&nbsp;✔︎ เนื้อผ้าเบาสบาย ใช้คลุมร่างกาย ขณะตัดผม <br />&nbsp; &nbsp; &nbsp; &nbsp;&nbsp;✔︎ ป้องกันไม่ให้เปื้อนตอนทำเคมีต่างๆ<br />&nbsp; &nbsp; &nbsp; &nbsp;&nbsp;✔︎ สามารถปรับระดับได้ เป็นตะขอเกี่ยว <br />&nbsp; &nbsp; &nbsp; &nbsp;&nbsp;✔︎ ใช้สำหรับ คลุมตัดผม ซอยผมป้องกันไม่ให้เปื้อนตอนทำเคมีต่างๆ<br />&nbsp; &nbsp; &nbsp; &nbsp;&nbsp;✔︎ ด้านหลังเป็นตะขอและเป็นยางยืด สามารถปรับระดับได้</p> | F41: VALENTE | G41: Apron - ผ้าคลุมและผ้ากันเปื้อน | H41: ผ้าคลุมตัดผม | I41: บริษัท พันธ์วาดี จำกัด | J41: 84 | K41: 0 | L41: 100 | M41: 130 | N41: 120 | O41: 0 | P41: 75 | R41: 1 | S41: 1 | T41: 1 | V41: 8858890795900
A42: VAL-1510B-1 | D42: Barber Brain ผ้าคลุมซอย Barber Brain ผ้าคลุมซอย VAL-1510/B-1 | E42: <p>BLACK CUTTING APRON ผ้าคลุมซอยสีดำล้วน<br />ขนาด 122x143ซม.</p> <p>ผลิตจากวัสดุ :<br /> ผ้าเสอร์ช กันน้ำได้ 80% <br /> เนื้อนุ่มมาก ระบายความร้อนได้ดี</p> <p>คุณสมบัติ:<br />&nbsp; &nbsp; &nbsp; &nbsp; ✔︎ ใช้สำหรับ คลุมตัดผม ซอยผม <br />&nbsp; &nbsp; &nbsp; &nbsp;&nbsp;✔︎ ป้องกันไม่ให้เปื้อนตอนทำเคมีต่างๆ<br />&nbsp; &nbsp; &nbsp; &nbsp;&nbsp;✔︎ สามารถปรับระดับได้ เป็นตะขอเกี่ยว <br />&nbsp; &nbsp; &nbsp; &nbsp;&nbsp;✔︎ ใช้สำหรับ คลุมตัดผม ซอยผมป้องกันไม่ให้เปื้อนตอนทำเคมีต่างๆ<br />&nbsp; &nbsp; &nbsp; &nbsp;&nbsp;✔︎ ด้านหลังเป็นตะขอสามารถปรับระดับได้</p> | F42: Barber Brain | G42: Apron - ผ้าคลุมและผ้ากันเปื้อน | H42: ผ้าคลุมตัดผม | I42: บริษัท พันธ์วาดี จำกัด | J42: 84 | K42: 0 | L42: 100 | M42: 130 | N42: 120 | O42: 130 | P42: 103 | R42: 1 | S42: 1 | T42: 1 | V42: 8858890795917
A43: VAL-K080 | D43: ผ้าคลุมลายธงชาติ บาร์เบอร์ รุ่น VAL-K080 | E43: <p>ผ้าคลุมลายธงชาติ รุ่น VAL-K080<br />ขนาด 142*167 cm</p> <p>ผลิตจากวัสดุ :<br /> ผ้าเสอร์ช กันน้ำได้ 80% <br /> เนื้อนุ่มมาก ระบายความร้อนได้ดี</p> <p>คุณสมบัติ: <br />&nbsp; &nbsp; &nbsp; ✔︎ ยืนยันราคาถูกที่สุด <br />&nbsp; &nbsp; &nbsp;&nbsp;✔︎ ของแท้ 100% <br />&nbsp; &nbsp; &nbsp;&nbsp;✔︎ วัสดุใช้เนื้อผ้าระบายความร้อนได้ดี <br />&nbsp; &nbsp; &nbsp;&nbsp;✔︎ สามารถปรับสายได้<br />&nbsp; &nbsp; &nbsp;&nbsp;✔︎ คอเป็นตะขอเกี่ยว</p> | F43: VALENTE | G43: Apron - ผ้าคลุมและผ้ากันเปื้อน | H43: ผ้าคลุมตัดผม | I43: บริษัท พันธ์วาดี จำกัด | J43: 165 | K43: 99 | L43: 195 | M43: 165 | N43: 200 | O43: 280 | P43: 56 | R43: 1 | S43: 1 | T43: 1 | V43: 8858890795948
A44: VAL-1512W | D44: ผ้าคลุมตัด-ซอย ไม่มีโลโก้ ลายทาง VAL-1512/W | E44: <p>ใช้คลุมตัด-ซอยผม เนื้อผ้าดีไม่ร้อน<br />ขนาด 140x152 ซม.</p> <p>ผลิตจากวัสดุ :<br /> ผ้าเสอร์ช กันน้ำได้ 80% <br /> เนื้อนุ่มมาก ระบายความร้อนได้ดี</p> <p>คุณสมบัติ: <br />&nbsp; &nbsp; &nbsp; &nbsp; ✔︎ ยืนยันราคาถูกที่สุด <br />&nbsp; &nbsp; &nbsp; &nbsp;&nbsp;✔︎ ของแท้ 100% <br />&nbsp; &nbsp; &nbsp; &nbsp;&nbsp;✔︎ วัสดุใช้เนื้อผ้าระบายความร้อนได้ดี <br />&nbsp; &nbsp; &nbsp; &nbsp;&nbsp;✔︎ สามารถปรับสายได้<br />&nbsp; &nbsp; &nbsp; &nbsp;&nbsp;✔︎ ด้านหลังเป็นกระดุม</p> <p>&nbsp;</p> <p>&nbsp;</p> | F44: VALENTE | G44: Apron - ผ้าคลุมและผ้ากันเปื้อน | H44: ผ้าคลุมตัดผม | I44: บริษัท พันธ์วาดี จำกัด | J44: 154 | K44: 0 | L44: 165 | M44: 0 | N44: 180 | O44: 240 | P44: 0 | R44: 1 | S44: 1 | T44: 1 | V44: 8858890795030
A45: VAL-1514 | D45: ผ้าคลุมซอย ลายอุปกรณ์ VAL-1514 | E45: <p>ผ้าคลุมซอยลายอุปกรณ์สีเหลือง ขนาด 115x140ซม. <br />ด้านหลังเป็นตะขอเกี่ยวสามารถปรับระดับได้</p> <p>ผลิตจากวัสดุ :<br /> ผ้าเสอร์ช กันน้ำได้ 80% <br /> เนื้อนุ่มมาก ระบายความร้อนได้ดี</p> <p>คุณสมบัติ: <br />&nbsp; &nbsp; &nbsp; &nbsp; &nbsp;✔︎ ยืนยันราคาถูกที่สุด <br />&nbsp; &nbsp; &nbsp; &nbsp; &nbsp;✔︎ ของแท้ 100% <br />&nbsp; &nbsp; &nbsp; &nbsp; &nbsp;✔︎ วัสดุใช้เนื้อผ้าระบายความร้อนได้ดี <br />&nbsp; &nbsp; &nbsp; &nbsp; &nbsp;✔︎ สามารถปรับสายได้<br />&nbsp; &nbsp; &nbsp; &nbsp; &nbsp;✔︎ด้านหลังเป็นตะขอเกี่ยวสามารถปรับระดับได้</p> | F45: VALENTE | G45: Apron - ผ้าคลุมและผ้ากันเปื้อน | H45: ผ้าคลุมตัดผม | I45: บริษัท พันธ์วาดี จำกัด | J45: 85 | K45: 0 | L45: 106 | M45: 0 | N45: 120 | O45: 156 | P45: 0 | S45: 1 | T45: 1 | V45: 8858890795061
A46: VAL-1515W | D46: BARBER BRAIN ผ้าคลุมบาร์เบอร์เบรน รุ่น VAL-1515/W | E46: <p>ผ้าคลุมซอยลายอุปกรณ์ สีขาว ขนาด 115x140ซม.<br /> ด้านหลังเป็นตะขอเกี่ยวสามารถปรับระดับได้</p> <p>คุณสมบัติ: <br />&nbsp; &nbsp; &nbsp; &nbsp; &nbsp;✔︎ ยืนยันราคาถูกที่สุด <br />&nbsp; &nbsp; &nbsp; &nbsp; &nbsp;✔︎ ของแท้ 100% <br />&nbsp; &nbsp; &nbsp; &nbsp; &nbsp;✔︎ วัสดุใช้เนื้อผ้าระบายความร้อนได้ดี <br />&nbsp; &nbsp; &nbsp; &nbsp; &nbsp;✔︎ สามารถปรับสายได้<br />&nbsp; &nbsp; &nbsp; &nbsp; &nbsp;✔︎ด้านหลังเป็นตะขอเกี่ยวสามารถปรับระดับได้</p> | F46: VALENTE | G46: Apron - ผ้าคลุมและผ้ากันเปื้อน | H46: ผ้าคลุมตัดผม | I46: บริษัท พันธ์วาดี จำกัด | J46: 97.85 | K46: 0 | L46: 105 | M46: 0 | N46: 130 | O46: 160 | P46: 9 | R46: 1 | S46: 1 | T46: 1 | V46: 8858890795726
A47: VAL-1515B | D47: BARBER BRAIN ผ้าคลุมซอยบาร์เบอร์เบรน รุ่น VAL-1515/B | E47: <p>ผ้าคลุมซอยลายอุปกรณ์ สีดำ ขนาด 115x140ซม. <br />ด้านหลังเป็นตะขอเกี่ยวสามารถปรับระดับได้</p> <p>ผลิตจากวัสดุ :<br /> ผ้าเสอร์ช กันน้ำได้ 80% <br /> เนื้อนุ่มมาก ระบายความร้อนได้ดี</p> <p>คุณสมบัติ: <br />&nbsp; &nbsp; &nbsp; &nbsp; &nbsp; ✔︎ ยืนยันราคาถูกที่สุด <br />&nbsp; &nbsp; &nbsp; &nbsp; &nbsp;&nbsp;✔︎ ของแท้ 100% <br />&nbsp; &nbsp; &nbsp; &nbsp; &nbsp;&nbsp;✔︎ วัสดุใช้เนื้อผ้าระบายความร้อนได้ดี <br />&nbsp; &nbsp; &nbsp; &nbsp; &nbsp;&nbsp;✔︎ สามารถปรับสายได้<br />&nbsp; &nbsp; &nbsp; &nbsp; &nbsp;&nbsp;✔︎ด้านหลังเป็นตะขอเกี่ยวสามารถปรับระดับได้</p> | F47: VALENTE | G47: Apron - ผ้าคลุมและผ้ากันเปื้อน | H47: ผ้าคลุมตัดผม | J47: 85 | K47: 0 | L47: 105 | M47: 0 | N47: 130 | O47: 160 | P47: 0 | R47: 1 | S47: 1 | T47: 1
A48: VAL-2986 | D48: BARBER EQUIPMENT ผ้าคลุมซอยสำหรับบาร์เบอร์ รุ่น VAL-2986 | E48: <p>ผ้าคลุมซอยธงชาติอเมริกัน ขนาด 129x143ซม. <br />ด้านหลังเป็นตะขอเกี่ยวสามารถปรับระดับได้</p> <p>ผลิตจากวัสดุ :<br /> ผ้าเสอร์ช กันน้ำได้ 80% <br /> เนื้อนุ่มมาก ระบายความร้อนได้ดี</p> <p>คุณสมบัติ: <br />&nbsp; &nbsp; &nbsp; &nbsp; &nbsp;✔︎ ผ้าคลุมซอยสำหรับบาร์เบอร์ <br />&nbsp; &nbsp; &nbsp; &nbsp; &nbsp;✔︎ ยืนยันราคาถูกที่สุด <br />&nbsp; &nbsp; &nbsp; &nbsp; &nbsp;✔︎ ของแท้ 100% <br />&nbsp; &nbsp; &nbsp; &nbsp; &nbsp;✔︎ วัสดุใช้เนื้อผ้าระบายความร้อนได้ดี <br />&nbsp; &nbsp; &nbsp; &nbsp; &nbsp;✔︎ สามารถปรับสายได้<br />&nbsp; &nbsp; &nbsp; &nbsp; &nbsp;✔︎ด้านหลังเป็นตะขอเกี่ยวสามารถปรับระดับได้</p> | F48: VALENTE | G48: Apron - ผ้าคลุมและผ้ากันเปื้อน | H48: ผ้าคลุมตัดผม | I48: บริษัท พันธ์วาดี จำกัด | J48: 125 | K48: 0 | L48: 150 | M48: 0 | N48: 165 | O48: 215 | P48: 0 | S48: 1 | T48: 1 | V48: 8858890725990
A49: VAL-2987 | D49: ผ้าคลุมซอย ลายขาวดำ รุ่น VAL-2987 | E49: <p>ผ้าคลุมซอยสีดำละสีขาว ขนาด 135x152ซม. <br />ด้ามหลังเป็นตะขอเกี่ยวสามารถปรับระดับได้</p> <p>คุณสมบัติ: <br />&nbsp; &nbsp; &nbsp; &nbsp; &nbsp;✔︎ ผ้าคลุมซอยสำหรับบาร์เบอร์ <br />&nbsp; &nbsp; &nbsp; &nbsp; &nbsp;✔︎ ยืนยันราคาถูกที่สุด <br />&nbsp; &nbsp; &nbsp; &nbsp; &nbsp;✔︎ ของแท้ 100% <br />&nbsp; &nbsp; &nbsp; &nbsp; &nbsp;✔︎ วัสดุใช้เนื้อผ้าระบายความร้อนได้ดี <br />&nbsp; &nbsp; &nbsp; &nbsp; &nbsp;✔︎ สามารถปรับสายได้<br />&nbsp; &nbsp; &nbsp; &nbsp; &nbsp;✔︎ด้านหลังเป็นตะขอเกี่ยวสามารถปรับระดับได้</p> | F49: VALENTE | G49: Apron - ผ้าคลุมและผ้ากันเปื้อน | H49: ผ้าคลุมตัดผม | I49: บริษัท พันธ์วาดี จำกัด | J49: 125 | K49: 0 | L49: 150 | M49: 0 | N49: 150 | O49: 215 | P49: 21 | S49: 1 | T49: 1 | V49: 8858890726003
A50: VAL-2534 | B50: 01-BLACK | D50: VALENTE ด้ามมีดโกน-ซอยสไลด์ คมเดียว รุ่น VAL-2534/B,BL,S | E50: <p>VALENTE ด้ามมีดโกน รุ่น VAL-2534</p> <p>ด้ามมีดโกน แบบตรง มี3สี : ดำ น้ำเงิน เงิน<br />น้ำหนัก 0.0483 กก. ใช้ใบมีดหักครึ่ง</p> <p>คุณสมบัติ: <br />&nbsp; &nbsp; &nbsp; &nbsp;✔︎ ด้ามมีดโกนสวมนิ้ว แบบตรง <br />&nbsp; &nbsp; &nbsp; &nbsp;✔︎ มี3สี สีเงิน สีดำ สีน้ำเงิน <br /> &nbsp; &nbsp; &nbsp; &nbsp;✔︎ ใช้ใบมีดแบบหักครึ่ง <br />&nbsp; &nbsp; &nbsp; &nbsp;✔︎ สามารถนำไปกันหรือจัดแต่งทรงคิ้วหรือทรงผมได้</p> <p>*เหมาะสำหรับมือใหม่และมืออาชีพ*</p> | F50: VALENTE | G50: Other Equipment - อุปกรณ์อื่นๆ | H50: ด้ามมีดโกน | I50: บริษัท พันธ์วาดี จำกัด | J50: 140 | K50: 159 | L50: 155 | M50: 159 | N50: 180 | O50: 230 | P50: 4 | R50: 1 | S50: 1 | T50: 1 | V50: 8858890796907
A51: VAL-2534 | B51: 05-BLUE | D51: VALENTE ด้ามมีดโกน-ซอยสไลด์ คมเดียว รุ่น VAL-2534/B,BL,S | E51: <p>VALENTE ด้ามมีดโกน รุ่น VAL-2534</p> <p>ด้ามมีดโกน แบบตรง มี3สี : ดำ น้ำเงิน เงิน<br />น้ำหนัก 0.0483 กก. ใช้ใบมีดหักครึ่ง</p> <p>คุณสมบัติ: <br />&nbsp; &nbsp; &nbsp; &nbsp;✔︎ ด้ามมีดโกนสวมนิ้ว แบบตรง <br />&nbsp; &nbsp; &nbsp; &nbsp;✔︎ มี3สี สีเงิน สีดำ สีน้ำเงิน <br /> &nbsp; &nbsp; &nbsp; &nbsp;✔︎ ใช้ใบมีดแบบหักครึ่ง <br />&nbsp; &nbsp; &nbsp; &nbsp;✔︎ สามารถนำไปกันหรือจัดแต่งทรงคิ้วหรือทรงผมได้</p> <p>*เหมาะสำหรับมือใหม่และมืออาชีพ*</p> | F51: VALENTE | G51: Other Equipment - อุปกรณ์อื่นๆ | H51: ด้ามมีดโกน | I51: บริษัท พันธ์วาดี จำกัด | J51: 140 | K51: 159 | L51: 155 | M51: 159 | N51: 180 | O51: 230 | P51: 15 | R51: 1 | S51: 1 | T51: 1 | V51: 8858890796914
A52: VAL-2534 | B52: 08-WHITE | D52: VALENTE ด้ามมีดโกน-ซอยสไลด์ คมเดียว รุ่น VAL-2534/B,BL,S | E52: <p>VALENTE ด้ามมีดโกน รุ่น VAL-2534</p> <p>ด้ามมีดโกน แบบตรง มี3สี : ดำ น้ำเงิน เงิน<br />น้ำหนัก 0.0483 กก. ใช้ใบมีดหักครึ่ง</p> <p>คุณสมบัติ: <br />&nbsp; &nbsp; &nbsp; &nbsp;✔︎ ด้ามมีดโกนสวมนิ้ว แบบตรง <br />&nbsp; &nbsp; &nbsp; &nbsp;✔︎ มี3สี สีเงิน สีดำ สีน้ำเงิน <br /> &nbsp; &nbsp; &nbsp; &nbsp;✔︎ ใช้ใบมีดแบบหักครึ่ง <br />&nbsp; &nbsp; &nbsp; &nbsp;✔︎ สามารถนำไปกันหรือจัดแต่งทรงคิ้วหรือทรงผมได้</p> <p>*เหมาะสำหรับมือใหม่และมืออาชีพ*</p> | F52: VALENTE | G52: Other Equipment - อุปกรณ์อื่นๆ | H52: ด้ามมีดโกน | I52: บริษัท พันธ์วาดี จำกัด | J52: 140 | K52: 159 | L52: 155 | M52: 159 | N52: 180 | O52: 230 | P52: 0 | R52: 1 | S52: 1 | T52: 1 | V52: 8858890796921
A53: VAL-9006 | B53: 01-BLACK | D53: VALENTE ด้ามมีดโกน-ซอยสไลด์ ใบมีดขนนก คมเดียว รุ่น VAL-9006 | F53: VALENTE | G53: Other Equipment - อุปกรณ์อื่นๆ | H53: ด้ามมีดโกน | I53: บริษัท พันธ์วาดี จำกัด | J53: 47 | K53: 0 | L53: 60 | M53: 0 | N53: 70 | O53: 100 | P53: 29 | R53: 1 | S53: 1 | T53: 1 | V53: 8858890791070
A54: VAL-9006 | B54: 14-CREAM | D54: VALENTE ด้ามมีดโกน-ซอยสไลด์ ใบมีดขนนก คมเดียว รุ่น VAL-9006 | F54: VALENTE | G54: Other Equipment - อุปกรณ์อื่นๆ | H54: ด้ามมีดโกน | I54: บริษัท พันธ์วาดี จำกัด | J54: 47 | K54: 0 | L54: 60 | M54: 0 | N54: 70 | O54: 100 | P54: 16 | R54: 1 | S54: 1 | T54: 1 | V54: 8858890796891
A55: XR-001 | D55: Razor handle ด้ามมีดโกน-ซอยสไลด์ ใบมีดขนนก คมเดียว รุ่น XR-001 | E55: <p>ด้ามมีดโกน แบบพับได้ สีเงิน <br />ความยาวทั้งหมดประมาน 20.6 ซม. <br />ใช้ใบมีดสองคม</p> <p>คุณสมบัติ: <br />&nbsp; &nbsp; &nbsp; &nbsp; ✔︎ Razor handle ด้ามมีดโกน รุ่น XR-001 <br />&nbsp; &nbsp; &nbsp; &nbsp;&nbsp;✔︎ ใช้ใบมีดขนนก<br />&nbsp; &nbsp; &nbsp; &nbsp;&nbsp;✔︎ วัสดุทนทาน น้ำหนักเบาใช้งานง่าย <br />&nbsp; &nbsp; &nbsp; &nbsp;&nbsp;✔︎ เปลี่ยนใบมีดได้ ด้ามมีดโกน ซอยผม</p> <p>*ใช้ได้ทั้งมือใหม่และมืออาชีพ<br />ข้อควรระวัง *ควรเก็บให้ห่างจากมือเด็ก*</p> | F55: VALENTE | G55: Other Equipment - อุปกรณ์อื่นๆ | H55: ด้ามมีดโกน | I55: บริษัท พันธ์วาดี จำกัด | J55: 82 | K55: 85 | L55: 105 | M55: 85 | N55: 120 | O55: 160 | P55: 8 | S55: 1 | T55: 1 | V55: 8858890795832
A56: XR-002 | D56: Razor handle ด้ามมีดโกนสีเงิน ใบมีดหักครึ่ง รุ่น XR-002 | E56: <p>ด้ามมีดโกน แบบพับได้ สีเงิน <br /> ความยาวทั้งหมดประมาน 21.2 ซม. <br /> ใช้ใบมีดหักครึ่ง สองคม</p> <p>คุณสมบัติ: <br />&nbsp; &nbsp; &nbsp; &nbsp; &nbsp; ✔︎ Razor handle ด้ามมีดโกน รุ่น XR-002 <br />&nbsp; &nbsp; &nbsp; &nbsp; &nbsp;&nbsp;✔︎ วัสดุทนทาน น้ำหนักเบาใช้งานง่าย <br />&nbsp; &nbsp; &nbsp; &nbsp; &nbsp;&nbsp;✔︎ เปลี่ยนใบมีดได้ ด้ามมีดโกน ซอยผม</p> <p>**เหมาะสำหรับมือใหม่และมืออาชีพ**</p> | F56: VALENTE | G56: Other Equipment - อุปกรณ์อื่นๆ | H56: ด้ามมีดโกน | I56: บริษัท พันธ์วาดี จำกัด | J56: 82 | K56: 0 | L56: 105 | M56: 0 | N56: 120 | O56: 160 | P56: 1 | S56: 1 | T56: 1 | V56: 8858890795849
A57: SR-1210 | D57: BARBER EQUIPMENT ด้ามมีดโกน แบบพับได้ ใบมีดหักครึ่ง SR-1210 | E57: <p>ด้ามมีดโกน แบบพับได้ สีดำ <br />ความยาวทั้งหมดประมาน 21.5 ซม.ใช้ใบมีดหักครึ่ง</p> <p>คุณสมบัติ: <br />&nbsp; &nbsp; &nbsp; &nbsp; &nbsp;✔︎ วัสดุทนทาน <br />&nbsp; &nbsp; &nbsp; &nbsp; &nbsp;✔︎ น้ำหนักเบาใช้งานง่าย <br />&nbsp; &nbsp; &nbsp; &nbsp; &nbsp;✔︎ เปลี่ยนใบมีดได้ <br />&nbsp; &nbsp; &nbsp; &nbsp; &nbsp;✔︎ ด้ามมีดโกน กันจอน โกนหนวด ตัดผมหางเหล็ก</p> | F57: VALENTE | G57: Other Equipment - อุปกรณ์อื่นๆ | H57: ด้ามมีดโกน | I57: บริษัท พันธ์วาดี จำกัด | J57: 35 | K57: 85 | L57: 45 | M57: 85 | N57: 65 | O57: 85 | P57: 6 | R57: 1 | S57: 1 | T57: 1 | V57: 8858890793319
A58: SR-1210 | C58: SIZE: L | D58: BARBER EQUIPMENT ด้ามมีดโกน แบบพับได้ ใบมีดหักครึ่ง SR-1210 | E58: <p>ด้ามมีดโกน แบบพับได้ สีดำ <br />ความยาวทั้งหมดประมาน 21.5 ซม.ใช้ใบมีดหักครึ่ง</p> <p>คุณสมบัติ: <br />&nbsp; &nbsp; &nbsp; &nbsp; &nbsp;✔︎ วัสดุทนทาน <br />&nbsp; &nbsp; &nbsp; &nbsp; &nbsp;✔︎ น้ำหนักเบาใช้งานง่าย <br />&nbsp; &nbsp; &nbsp; &nbsp; &nbsp;✔︎ เปลี่ยนใบมีดได้ <br />&nbsp; &nbsp; &nbsp; &nbsp; &nbsp;✔︎ ด้ามมีดโกน กันจอน โกนหนวด ตัดผมหางเหล็ก</p> | F58: VALENTE | G58: Other Equipment - อุปกรณ์อื่นๆ | H58: ด้ามมีดโกน | I58: บริษัท พันธ์วาดี จำกัด | J58: 35 | K58: 85 | L58: 45 | M58: 85 | N58: 65 | O58: 85 | P58: 0 | R58: 1 | S58: 1 | T58: 1 | V58: 8858890793319
A59: VAL-51 | D59: BARBER BRAIN BOAR BRUSH แปรงปัดผม ขนหมูป่า VAL-51 | E59: <p>BARBER BRAIN BOAR BRUSH<br />แปรงปัดผมขนหมูป่า ทรงรี ไม่มีด้ามจับ <br />ขนาด 6x11ซม. น้ำหนัก 56.3 กรัม ใช้ปัดเศษผม</p> <p>คุณสมบัติ: <br />&nbsp; &nbsp; &nbsp; &nbsp; &nbsp; &nbsp; ✔︎ ขนหมูป่าแท้ ใช้ปัดเศษผม <br />&nbsp; &nbsp; &nbsp; &nbsp; &nbsp; &nbsp;&nbsp;✔︎ ขนแปรงไม่แข็งมากและไม่อ่อนจนเกินไป <br />&nbsp; &nbsp; &nbsp; &nbsp; &nbsp; &nbsp;&nbsp;✔︎ ทนทาน ขนไม่หลัดง่าย ไม่ระคายเคือง <br />*เหมาะสำหรับร้านบาร์เบอร์และซาลอน</p> <p>วิธีใช้: <br /> &nbsp; &nbsp; &nbsp; &nbsp; &nbsp; &nbsp;&nbsp;ใช้หลังการตัดผม ปัดเศษผมเพื่อเก็บรายละเอียด และความสะอาด <br />หรือแปรงลักษณะนี้ ใช้ปัดเศษผมขนาดเล็กๆที่ติดตามหนังหัว</p> <p><br /> ..........................................................................</p> | F59: Barber Brain | G59: Comb and Brush - หวีและแปรง | H59: แปรงปัดเศษผม | I59: บริษัท พันธ์วาดี จำกัด | J59: 64 | K59: 0 | L59: 80 | M59: 75 | N59: 100 | O59: 130 | P59: 62 | R59: 1 | S59: 1 | T59: 1 | V59: 8858890782382
A60: VAL-52 | D60: BARBER BRAIN BOAR BRUSH แปรงปัดผม ขนหมูป่า รุ่น VAL-52 | E60: <p>BARBER BRAIN BOAR BRUSH<br />แปรงปัดผมขนหมูป่า มีด้ามจับ <br />ขนาด 5.5x17ซม. น้ำหนัก 78 กรัม ใช้ปัดเศษผม</p> <p>คุณสมบัติ: <br />&nbsp; &nbsp; &nbsp; &nbsp; ✔︎ ขนหมูป่าแท้ ใช้ปัดเศษผม <br />&nbsp; &nbsp; &nbsp; &nbsp;&nbsp;✔︎ ขนแปรงไม่แข็งมากและไม่อ่อนจนเกินไป <br />&nbsp; &nbsp; &nbsp; &nbsp;&nbsp;✔︎ ทนทาน ขนไม่หลัดง่าย ไม่ระคายเคือง <br />*เหมาะสำหรับร้านบาร์เบอร์และซาลอน</p> <p>วิธีใช้: <br /> ใช้หลังการตัดผม ปัดเศษผมเพื่อเก็บรายละเอียด และความสะอาด <br />หรือแปรงลักษณะนี้ ใช้ปัดเศษผมขนาดเล็กๆที่ติดตามหนังหัว</p> | F60: Barber Brain | G60: Comb and Brush - หวีและแปรง | H60: แปรงปัดเศษผม | I60: บริษัท พันธ์วาดี จำกัด | J60: 95 | K60: 0 | L60: 120 | M60: 120 | N60: 135 | O60: 180 | P60: 88 | R60: 1 | S60: 1 | T60: 1 | V60: 8858890782399
A61: VAL-53 | D61: BARBER BRAIN BOAR BRUSH แปรงปัดผม ขนหมูป่า รุ่น VAL-53 | E61: <p>BARBER BRAIN BOAR BRUSH<br />แปรงปัดผมขนหมูป่า มีด้ามจับ <br />ขนาด 4x21.5ซม. น้ำหนัก 68กรัม ใช้ปัดเศษผม.</p> <p>คุณสมบัติ: <br />&nbsp; &nbsp; &nbsp; &nbsp; &nbsp;✔︎ ขนหมูป่าแท้ ใช้ปัดเศษผม <br />&nbsp; &nbsp; &nbsp; &nbsp; &nbsp;✔︎ ขนแปรงไม่แข็งมากและไม่อ่อนจนเกินไป <br />&nbsp; &nbsp; &nbsp; &nbsp; &nbsp;✔︎ ทนทาน ขนไม่หลัดง่าย ไม่ระคายเคือง <br />*เหมาะสำหรับร้านบาร์เบอร์และซาลอน</p> <p>วิธีใช้: <br /> ใช้หลังการตัดผม ปัดเศษผมเพื่อเก็บรายละเอียด และความสะอาด <br />หรือแปรงลักษณะนี้ ใช้ปัดเศษผมขนาดเล็กๆที่ติดตามหนังหัว</p> | F61: Barber Brain | G61: Comb and Brush - หวีและแปรง | H61: แปรงปัดเศษผม | I61: บริษัท พันธ์วาดี จำกัด | J61: 90 | K61: 0 | L61: 120 | M61: 0 | N61: 135 | O61: 180 | P61: 0 | R61: 1 | S61: 1 | T61: 1 | V61: 8858890782405
A62: VAL-54 | D62: BARBER BRAIN BOAR BRUSH แปรงปัดผม ขนหมูป่า รุ่น VAL-54 | E62: <p>BARBERBRAIN BOAR BRUSH<br />แปรงปัดผมขนหมูป่า มีด้ามจับ <br />ขนาด 3x20.5ซม.น้ำหนัก 48 กรัม ใช้ปัดเศษผม</p> <p>คุณสมบัติ: <br />&nbsp; &nbsp; &nbsp; &nbsp; &nbsp;✔︎ ขนหมูป่าแท้ ใช้ปัดเศษผม <br />&nbsp; &nbsp; &nbsp; &nbsp; &nbsp;✔︎ ขนแปรงไม่แข็งมากและไม่อ่อนจนเกินไป <br />&nbsp; &nbsp; &nbsp; &nbsp; &nbsp;✔︎ ทนทาน ขนไม่หลัดง่าย ไม่ระคายเคือง <br />*เหมาะสำหรับร้านบาร์เบอร์และซาลอน</p> <p>วิธีใช้: <br /> &nbsp; &nbsp; &nbsp; &nbsp; &nbsp;ใช้หลังการตัดผม ปัดเศษผมเพื่อเก็บรายละเอียด และความสะอาด <br />หรือแปรงลักษณะนี้ ใช้ปัดเศษผมขนาดเล็กๆที่ติดตามหนังหัว</p> | F62: Barber Brain | G62: Comb and Brush - หวีและแปรง | H62: แปรงปัดเศษผม | I62: บริษัท พันธ์วาดี จำกัด | J62: 68 | K62: 0 | L62: 85 | M62: 90 | N62: 100 | O62: 140 | P62: 2 | R62: 1 | S62: 1 | T62: 1 | V62: 8858890782412
A63: VAL-51A | D63: VINTAGE BRUSH หวีแปรงวินเทจขนม้า รุ่น VAL-51A | E63: <p>แปรงปัดผมขนม้า ทรงรี ไม่มีด้ามจับ<br />ขนาด 6x11ซม. ใช้ปัดเศษผม</p> <p>คุณสมบัติ: <br />&nbsp; &nbsp; &nbsp; &nbsp; &nbsp;✔︎ ขนม้าแท้ ใช้ปัดเศษผม <br />&nbsp; &nbsp; &nbsp; &nbsp; &nbsp;✔︎ ขนแปรงไม่แข็งมากและไม่อ่อนจนเกินไป <br />&nbsp; &nbsp; &nbsp; &nbsp; &nbsp;✔︎ ทนทาน ขนไม่หลัดง่าย ไม่ระคายเคือง</p> <p>วิธีใช้: <br /> &nbsp; &nbsp; &nbsp; &nbsp; &nbsp;ใช้หลังการตัดผม ปัดเศษผมเพื่อเก็บรายละเอียด และความสะอาด หรือแปรง<br />ลักษณะนี้ ใช้ปัดเศษผมขนาดเล็กๆที่ติดตามหนังหัว(โดยเฉพาะเวลาตัดทรงนักเรียน)</p> | F63: VALENTE | G63: Comb and Brush - หวีและแปรง | H63: แปรงปัดเศษผม | I63: บริษัท พันธ์วาดี จำกัด | J63: 65 | K63: 0 | L63: 80 | M63: 0 | N63: 100 | O63: 130 | P63: 11 | R63: 1 | S63: 1 | T63: 1 | V63: 8858890782245
A64: VAL-52A | D64: VINTAGE HORSE BRUSH แปรงปัดขนม้า รุ่น VAL-52A | E64: <p>แปรงปัดผมขนม้า มีด้ามจับ <br />ขนาด 5.5x17ซม.ใช้ปัดเศษผม</p> <p>คุณสมบัติ: <br />&nbsp; &nbsp; &nbsp; &nbsp; &nbsp;✔︎ ขนม้าแท้ ใช้ปัดเศษผม <br />&nbsp; &nbsp; &nbsp; &nbsp; &nbsp;✔︎ ขนแปรงไม่แข็งมากและไม่อ่อนจนเกินไป <br />&nbsp; &nbsp; &nbsp; &nbsp; &nbsp;✔︎ ทนทาน ขนไม่หลัดง่าย ไม่ระคายเคือง <br />*เหมาะสำหรับร้านบาร์เบอร์และซาลอน</p> <p>วิธีใช้: <br /> ใช้หลังการตัดผม ปัดเศษผมเพื่อเก็บรายละเอียด และความสะอาด <br />หรือแปรงลักษณะนี้ ใช้ปัดเศษผมขนาดเล็กๆที่ติดตามหนังหัว</p> | F64: VALENTE | G64: Comb and Brush - หวีและแปรง | H64: แปรงปัดเศษผม | I64: บริษัท พันธ์วาดี จำกัด | J64: 103.5 | K64: 0 | L64: 125 | M64: 0 | N64: 150 | O64: 190 | P64: 40 | R64: 1 | S64: 1 | T64: 1 | V64: 885889078242910
A65: VAL-53A | D65: VINTAGE HORSE BRUSH แปรงปัดขนม้า รุ่น VAL-53A | E65: <p>แปรงปัดผมขนม้า มีด้ามจับ <br />ขนาด 4x21.5ซม. ใช้ปัดเศษผม</p> <p>คุณสมบัติ: <br />&nbsp; &nbsp; &nbsp; &nbsp;✔︎ ขนม้าแท้ ใช้ปัดเศษผม <br />&nbsp; &nbsp; &nbsp; &nbsp;✔︎ ขนแปรงไม่แข็งมากและไม่อ่อนจนเกินไป <br />&nbsp; &nbsp; &nbsp; &nbsp;✔︎ ทนทาน ขนไม่หลัดง่าย ไม่ระคายเคือง <br />*เหมาะสำหรับร้านบาร์เบอร์และซาลอน</p> <p>วิธีใช้: <br /> &nbsp; &nbsp; &nbsp; &nbsp;ใช้หลังการตัดผม ปัดเศษผมเพื่อเก็บรายละเอียด และความสะอาด <br />หรือแปรงลักษณะนี้ ใช้ปัดเศษผมขนาดเล็กๆที่ติดตามหนังหัว<br /> ..........................................................................</p> | F65: VALENTE | G65: Comb and Brush - หวีและแปรง | H65: แปรงปัดเศษผม | I65: บริษัท พันธ์วาดี จำกัด | J65: 103.5 | K65: 0 | L65: 135 | M65: 130 | N65: 150 | O65: 190 | P65: 11 | R65: 1 | S65: 1 | T65: 1 | V65: 8858890782436
A66: VAL-52B | D66: VALENTE VINTAGE BRUSH หวีแปรงวินเทจ รุ่น VAL-52B | E66: <p>แปรงปัดผมขนไนล่อน มีด้ามจับ <br />ขนาด 5.5x17ซม. ใช้ปัดเศษผม</p> <p>คุณสมบัติ: <br />&nbsp; &nbsp; &nbsp; &nbsp; &nbsp; ✔︎ ขนไนล่อน คุณภาพดี ใช้ปัดเศษผม <br />&nbsp; &nbsp; &nbsp; &nbsp; &nbsp;&nbsp;✔︎ ขนแปรงไม่แข็งมากและไม่อ่อนจนเกินไป <br />&nbsp; &nbsp; &nbsp; &nbsp; &nbsp;&nbsp;✔︎ ทนทาน ขนไม่หลัดง่าย ไม่ระคายเคือง <br />*เหมาะสำหรับร้านบาร์เบอร์และซาลอน</p> <p>วิธีใช้:</p> <p>&nbsp; &nbsp; &nbsp; &nbsp; &nbsp;&nbsp;ใช้หลังการตัดผม ปัดเศษผมเพื่อเก็บรายละเอียด และความสะอาด <br />หรือแปรงลักษณะนี้ ใช้ปัดเศษผมขนาดเล็กๆที่ติดตามหนังหัว</p> | F66: VALENTE | G66: Comb and Brush - หวีและแปรง | H66: แปรงปัดเศษผม | I66: บริษัท พันธ์วาดี จำกัด | J66: 91 | K66: 0 | L66: 115 | M66: 0 | N66: 125 | O66: 165 | P66: 13 | S66: 1 | T66: 1 | V66: 8858890782221
A67: VAL-54B | D67: VALENTE VINTAGE BRUSH หวีแปรงวินเทจ รุ่น VAL-54B | E67: <p>แปรงปัดผมขนไนล่อน มีด้ามจับ <br />ขนาด 3x20.5ซม. ใช้ปัดเศษผม</p> <p>คุณสมบัติ: <br />&nbsp; &nbsp; &nbsp; &nbsp; ✔︎ ขนไนล่อน คุณภาพดี ใช้ปัดเศษผม <br />&nbsp; &nbsp; &nbsp; &nbsp;&nbsp;✔︎ ขนแปรงไม่แข็งมากและไม่อ่อนจนเกินไป <br />&nbsp; &nbsp; &nbsp; &nbsp;&nbsp;✔︎ ทนทาน ขนไม่หลัดง่าย ไม่ระคายเคือง <br />*เหมาะสำหรับร้านบาร์เบอร์และซาลอน</p> <p>วิธีใช้: <br /> ใช้หลังการตัดผม ปัดเศษผมเพื่อเก็บรายละเอียด และความสะอาด <br />หรือแปรงลักษณะนี้ ใช้ปัดเศษผมขนาดเล็กๆที่ติดตามหนังหัว</p> | F67: VALENTE | G67: Comb and Brush - หวีและแปรง | H67: แปรงปัดเศษผม | I67: บริษัท พันธ์วาดี จำกัด | J67: 58.5 | K67: 0 | L67: 80 | M67: 0 | N67: 100 | O67: 130 | P67: 0 | R67: 1 | S67: 1 | T67: 1 | V67: 8858890782238
A68: G-133 | B68: 12-BROWN | D68: VALENTE HAIR BRUSH แปรงปัดผม อุปกรณ์บาร์เบอร์ รุ่น G-133 | E68: <p>VALENTE HAIR BRUSH<br />แปรงปัดผมแบบสวมนิ้ว</p> <p>แปรงปัดผมแบบสวมนิ้ว มีขน 2 สี สีดำ และสีเนื้อ <br />ขนาดด้ามจับถึงขน 5.5ซม. ขนาดความยาวขน 2ซม. ความกว้าง 6.5ซม.</p> <p>คุณสมบัติ: <br />&nbsp; &nbsp; &nbsp; &nbsp; &nbsp;✔︎ เป็นแปรงปัดเศษผม <br />&nbsp; &nbsp; &nbsp; &nbsp; &nbsp;✔︎ ที่จับถนัดมือ ใช้งานง่าย น้ำหนักเบา<br />&nbsp; &nbsp; &nbsp; &nbsp; &nbsp;✔︎ เป็นขนหมูนุ่ม</p> <p>วิธีใช้: <br /> ใช้หลังการตัดผม ปัดเศษผมเพื่อเก็บรายละเอียด และความสะอาด <br />หรือแปรงลักษณะนี้ ใช้ปัดเศษผมขนาดเล็กๆที่ติดตามหนังหัว(โดยเฉพาะเวลาตัดทรงนักเรียน)</p> | F68: VALENTE | G68: Comb and Brush - หวีและแปรง | H68: แปรงปัดเศษผม | I68: บริษัท พันธ์วาดี จำกัด | J68: 75 | K68: 0 | L68: 90 | M68: 0 | N68: 85 | O68: 143 | P68: 24 | R68: 1 | S68: 1 | T68: 1 | V68: 885889079588701
A69: G-133 | B69: 14-CREAM | D69: VALENTE HAIR BRUSH แปรงปัดผม อุปกรณ์บาร์เบอร์ รุ่น G-133 | E69: <p>VALENTE HAIR BRUSH<br />แปรงปัดผมแบบสวมนิ้ว</p> <p>แปรงปัดผมแบบสวมนิ้ว มีขน 2 สี สีดำ และสีเนื้อ <br />ขนาดด้ามจับถึงขน 5.5ซม. ขนาดความยาวขน 2ซม. ความกว้าง 6.5ซม.</p> <p>คุณสมบัติ: <br />&nbsp; &nbsp; &nbsp; &nbsp; &nbsp;✔︎ เป็นแปรงปัดเศษผม <br />&nbsp; &nbsp; &nbsp; &nbsp; &nbsp;✔︎ ที่จับถนัดมือ ใช้งานง่าย น้ำหนักเบา<br />&nbsp; &nbsp; &nbsp; &nbsp; &nbsp;✔︎ เป็นขนหมูนุ่ม</p> <p>วิธีใช้: <br /> ใช้หลังการตัดผม ปัดเศษผมเพื่อเก็บรายละเอียด และความสะอาด <br />หรือแปรงลักษณะนี้ ใช้ปัดเศษผมขนาดเล็กๆที่ติดตามหนังหัว(โดยเฉพาะเวลาตัดทรงนักเรียน)</p> | F69: VALENTE | G69: Comb and Brush - หวีและแปรง | H69: แปรงปัดเศษผม | I69: บริษัท พันธ์วาดี จำกัด | J69: 75 | K69: 0 | L69: 90 | M69: 0 | N69: 85 | O69: 143 | P69: 19 | R69: 1 | S69: 1 | T69: 1 | V69: 885889079588702
A70: HS-98439 | B70: 04-LIGHT BLUE | D70: กระปุกแป้ง พู่ปัดแป้ง แปรงปัดผม HS-98439 | E70: <p>แปรงปัดผมเป็นตลับ มี2สี - สีฟ้า สีชมพู -<br />สามารถใส่แป้งได้ ขนาดประมาน 8.5x3.5 ซม.<br />ใช้ปัดเศษผมพู่ตลับแป้ง</p> <p>คุณสมบัติ: <br />&nbsp; &nbsp; &nbsp; &nbsp;✔︎ พู่ปัดแป้งและกระปุกใส่แป้ง <br />&nbsp; &nbsp; &nbsp; &nbsp;✔︎ ใช้ทาแป้งที่คอ <br />&nbsp; &nbsp; &nbsp; &nbsp;✔︎ เพื่อป้องกันผมติดหลังคอ เวลาตัดผม<br />&nbsp; &nbsp; &nbsp; &nbsp;✔︎ นิยมใช้ในร้านบาร์เบอร์และซาลอน</p> <p>วิธีใช้: <br /> ใช้หลังการตัดผม ปัดเศษผมเพื่อความสะอาด หรือแปรงอ่อน <br />ใช้ในการปัดเศษผม ที่ติดตามหน้าและคอ</p> | F70: VALENTE | G70: Comb and Brush - หวีและแปรง | H70: แปรงปัดเศษผม | I70: บริษัท พันธ์วาดี จำกัด | J70: 25 | K70: 0 | L70: 35 | M70: 45 | N70: 60 | O70: 90 | P70: 28 | R70: 1 | T70: 1 | V70: 8858890796846
A71: HS-98439 | B71: 10-PINK | D71: กระปุกแป้ง พู่ปัดแป้ง แปรงปัดผม HS-98439 | E71: <p>แปรงปัดผมเป็นตลับ มี2สี - สีฟ้า สีชมพู -<br />สามารถใส่แป้งได้ ขนาดประมาน 8.5x3.5 ซม.<br />ใช้ปัดเศษผมพู่ตลับแป้ง</p> <p>คุณสมบัติ: <br />&nbsp; &nbsp; &nbsp; &nbsp;✔︎ พู่ปัดแป้งและกระปุกใส่แป้ง <br />&nbsp; &nbsp; &nbsp; &nbsp;✔︎ ใช้ทาแป้งที่คอ <br />&nbsp; &nbsp; &nbsp; &nbsp;✔︎ เพื่อป้องกันผมติดหลังคอ เวลาตัดผม<br />&nbsp; &nbsp; &nbsp; &nbsp;✔︎ นิยมใช้ในร้านบาร์เบอร์และซาลอน</p> <p>วิธีใช้: <br /> ใช้หลังการตัดผม ปัดเศษผมเพื่อความสะอาด หรือแปรงอ่อน <br />ใช้ในการปัดเศษผม ที่ติดตามหน้าและคอ</p> | F71: VALENTE | G71: Comb and Brush - หวีและแปรง | H71: แปรงปัดเศษผม | I71: บริษัท พันธ์วาดี จำกัด | J71: 25 | K71: 0 | L71: 35 | M71: 45 | N71: 60 | O71: 90 | P71: 86 | R71: 1 | T71: 1 | V71: 8858890796853
A72: K-028-1 | B72: 02-RED | D72: BARBER BRUSH แปรงปัดผม พู่ปัดแป้ง 2in1 รุ่น K-028/1 | E72: <p>BARBER BRUSH พู่ปัดแป้งแบบบรรจุแป้งด้านใน<br />แปรงปัดผมขน มี5สี สีชมพู - มีสี ฟ้า ส้ม ชมพู เทา ทอง - <br />สามารถบรรจุแป้งด้านในได้ ขนาดสินค้า 5x16 ซม. ใช้ปัดเศษผม</p> <p>คุณสมบัติ: <br />&nbsp; &nbsp; &nbsp; &nbsp; ✔︎ 2in1 พู่ปัดแป้ง ปัดเส้นผม <br />&nbsp; &nbsp; &nbsp; &nbsp;&nbsp;✔︎ ขนาดแปรงจับถนัดมือ <br />&nbsp; &nbsp; &nbsp; &nbsp;&nbsp;✔︎ ใช้งานง่าย เพียงกดปุ่มเพื่อให้แป้งออกมาขณะปัดเศษผม <br />&nbsp; &nbsp; &nbsp; &nbsp;&nbsp;✔︎ แปรงปัดแป้งฝุ่นทรงโดมพุ่มใหญ่หนานุ่มที่มีเอกลักษณ์เฉพาะตัว<br />&nbsp; &nbsp; &nbsp; &nbsp;&nbsp;✔︎ ผลิตจากวัสดุขนสังเคราะห์เกรดพรีเมียมคุณภาพดี และไม่บาดผิวหน้า<br />&nbsp; &nbsp; &nbsp; &nbsp;&nbsp;✔︎ ขนแปรงสามารถเกาะผงแป้งได้อย่างดี ช่วยให้คุณปัดแป้งได้อย่างรวดเร็ว<br />&nbsp; &nbsp; &nbsp; &nbsp;&nbsp;✔︎ ด้วยพุ่มขนขนาดใหญ่และหนานุ่มให้ความรู้สึกนุ่มละมุนทุกครั้งที่แต่งหน้า<br />&nbsp; &nbsp; &nbsp; &nbsp;&nbsp;✔︎ มีขนาดกำลังพอดี จับถนัดมือ น้ำหนักเบา เหมาะสำหรับพกพา</p> <p>วิธีใช้: <br /> &nbsp; &nbsp; &nbsp; &nbsp;&nbsp;ใช้หลังการตัดผม ปัดเศษผมเพื่อเก็บรายละเอียด และความสะอาด <br />หรือแปรงอ่อน ใช้ในการปัดเศษผม ที่ติดตามหน้าและคอ</p> <p><br /> ..........................................................................</p> | F72: VALENTE | G72: Comb and Brush - หวีและแปรง | H72: แปรงปัดเศษผม | I72: บริษัท พันธ์วาดี จำกัด | J72: 55 | K72: 0 | L72: 70 | M72: 85 | N72: 78 | O72: 120 | P72: 0 | R72: 1 | S72: 1 | T72: 1 | V72: 885889079425508
A73: K-028-1 | B73: 04-LIGHT BLUE | D73: BARBER BRUSH แปรงปัดผม พู่ปัดแป้ง 2in1 รุ่น K-028/1 | E73: <p>BARBER BRUSH พู่ปัดแป้งแบบบรรจุแป้งด้านใน<br />แปรงปัดผมขน มี5สี สีชมพู - มีสี ฟ้า ส้ม ชมพู เทา ทอง - <br />สามารถบรรจุแป้งด้านในได้ ขนาดสินค้า 5x16 ซม. ใช้ปัดเศษผม</p> <p>คุณสมบัติ: <br />&nbsp; &nbsp; &nbsp; &nbsp; ✔︎ 2in1 พู่ปัดแป้ง ปัดเส้นผม <br />&nbsp; &nbsp; &nbsp; &nbsp;&nbsp;✔︎ ขนาดแปรงจับถนัดมือ <br />&nbsp; &nbsp; &nbsp; &nbsp;&nbsp;✔︎ ใช้งานง่าย เพียงกดปุ่มเพื่อให้แป้งออกมาขณะปัดเศษผม <br />&nbsp; &nbsp; &nbsp; &nbsp;&nbsp;✔︎ แปรงปัดแป้งฝุ่นทรงโดมพุ่มใหญ่หนานุ่มที่มีเอกลักษณ์เฉพาะตัว<br />&nbsp; &nbsp; &nbsp; &nbsp;&nbsp;✔︎ ผลิตจากวัสดุขนสังเคราะห์เกรดพรีเมียมคุณภาพดี และไม่บาดผิวหน้า<br />&nbsp; &nbsp; &nbsp; &nbsp;&nbsp;✔︎ ขนแปรงสามารถเกาะผงแป้งได้อย่างดี ช่วยให้คุณปัดแป้งได้อย่างรวดเร็ว<br />&nbsp; &nbsp; &nbsp; &nbsp;&nbsp;✔︎ ด้วยพุ่มขนขนาดใหญ่และหนานุ่มให้ความรู้สึกนุ่มละมุนทุกครั้งที่แต่งหน้า<br />&nbsp; &nbsp; &nbsp; &nbsp;&nbsp;✔︎ มีขนาดกำลังพอดี จับถนัดมือ น้ำหนักเบา เหมาะสำหรับพกพา</p> <p>วิธีใช้: <br /> &nbsp; &nbsp; &nbsp; &nbsp;&nbsp;ใช้หลังการตัดผม ปัดเศษผมเพื่อเก็บรายละเอียด และความสะอาด <br />หรือแปรงอ่อน ใช้ในการปัดเศษผม ที่ติดตามหน้าและคอ</p> <p><br /> ..........................................................................</p> | F73: VALENTE | G73: Comb and Brush - หวีและแปรง | H73: แปรงปัดเศษผม | I73: บริษัท พันธ์วาดี จำกัด | J73: 55 | K73: 0 | L73: 70 | M73: 85 | N73: 78 | O73: 120 | P73: 1 | R73: 1 | S73: 1 | T73: 1 | V73: 885889079425506
A74: K-028-1 | B74: 07-GOLD | D74: BARBER BRUSH แปรงปัดผม พู่ปัดแป้ง 2in1 รุ่น K-028/1 | E74: <p>BARBER BRUSH พู่ปัดแป้งแบบบรรจุแป้งด้านใน<br />แปรงปัดผมขน มี5สี สีชมพู - มีสี ฟ้า ส้ม ชมพู เทา ทอง - <br />สามารถบรรจุแป้งด้านในได้ ขนาดสินค้า 5x16 ซม. ใช้ปัดเศษผม</p> <p>คุณสมบัติ: <br />&nbsp; &nbsp; &nbsp; &nbsp; ✔︎ 2in1 พู่ปัดแป้ง ปัดเส้นผม <br />&nbsp; &nbsp; &nbsp; &nbsp;&nbsp;✔︎ ขนาดแปรงจับถนัดมือ <br />&nbsp; &nbsp; &nbsp; &nbsp;&nbsp;✔︎ ใช้งานง่าย เพียงกดปุ่มเพื่อให้แป้งออกมาขณะปัดเศษผม <br />&nbsp; &nbsp; &nbsp; &nbsp;&nbsp;✔︎ แปรงปัดแป้งฝุ่นทรงโดมพุ่มใหญ่หนานุ่มที่มีเอกลักษณ์เฉพาะตัว<br />&nbsp; &nbsp; &nbsp; &nbsp;&nbsp;✔︎ ผลิตจากวัสดุขนสังเคราะห์เกรดพรีเมียมคุณภาพดี และไม่บาดผิวหน้า<br />&nbsp; &nbsp; &nbsp; &nbsp;&nbsp;✔︎ ขนแปรงสามารถเกาะผงแป้งได้อย่างดี ช่วยให้คุณปัดแป้งได้อย่างรวดเร็ว<br />&nbsp; &nbsp; &nbsp; &nbsp;&nbsp;✔︎ ด้วยพุ่มขนขนาดใหญ่และหนานุ่มให้ความรู้สึกนุ่มละมุนทุกครั้งที่แต่งหน้า<br />&nbsp; &nbsp; &nbsp; &nbsp;&nbsp;✔︎ มีขนาดกำลังพอดี จับถนัดมือ น้ำหนักเบา เหมาะสำหรับพกพา</p> <p>วิธีใช้: <br /> &nbsp; &nbsp; &nbsp; &nbsp;&nbsp;ใช้หลังการตัดผม ปัดเศษผมเพื่อเก็บรายละเอียด และความสะอาด <br />หรือแปรงอ่อน ใช้ในการปัดเศษผม ที่ติดตามหน้าและคอ</p> <p><br /> ..........................................................................</p> | F74: VALENTE | G74: Comb and Brush - หวีและแปรง | H74: แปรงปัดเศษผม | I74: บริษัท พันธ์วาดี จำกัด | J74: 55 | K74: 0 | L74: 70 | M74: 85 | N74: 78 | O74: 120 | P74: 20 | R74: 1 | S74: 1 | T74: 1 | V74: 885889079425502
A75: K-028-1 | B75: 09-VIOLET | D75: BARBER BRUSH แปรงปัดผม พู่ปัดแป้ง 2in1 รุ่น K-028/1 | E75: <p>BARBER BRUSH พู่ปัดแป้งแบบบรรจุแป้งด้านใน<br />แปรงปัดผมขน มี5สี สีชมพู - มีสี ฟ้า ส้ม ชมพู เทา ทอง - <br />สามารถบรรจุแป้งด้านในได้ ขนาดสินค้า 5x16 ซม. ใช้ปัดเศษผม</p> <p>คุณสมบัติ: <br />&nbsp; &nbsp; &nbsp; &nbsp; ✔︎ 2in1 พู่ปัดแป้ง ปัดเส้นผม <br />&nbsp; &nbsp; &nbsp; &nbsp;&nbsp;✔︎ ขนาดแปรงจับถนัดมือ <br />&nbsp; &nbsp; &nbsp; &nbsp;&nbsp;✔︎ ใช้งานง่าย เพียงกดปุ่มเพื่อให้แป้งออกมาขณะปัดเศษผม <br />&nbsp; &nbsp; &nbsp; &nbsp;&nbsp;✔︎ แปรงปัดแป้งฝุ่นทรงโดมพุ่มใหญ่หนานุ่มที่มีเอกลักษณ์เฉพาะตัว<br />&nbsp; &nbsp; &nbsp; &nbsp;&nbsp;✔︎ ผลิตจากวัสดุขนสังเคราะห์เกรดพรีเมียมคุณภาพดี และไม่บาดผิวหน้า<br />&nbsp; &nbsp; &nbsp; &nbsp;&nbsp;✔︎ ขนแปรงสามารถเกาะผงแป้งได้อย่างดี ช่วยให้คุณปัดแป้งได้อย่างรวดเร็ว<br />&nbsp; &nbsp; &nbsp; &nbsp;&nbsp;✔︎ ด้วยพุ่มขนขนาดใหญ่และหนานุ่มให้ความรู้สึกนุ่มละมุนทุกครั้งที่แต่งหน้า<br />&nbsp; &nbsp; &nbsp; &nbsp;&nbsp;✔︎ มีขนาดกำลังพอดี จับถนัดมือ น้ำหนักเบา เหมาะสำหรับพกพา</p> <p>วิธีใช้: <br /> &nbsp; &nbsp; &nbsp; &nbsp;&nbsp;ใช้หลังการตัดผม ปัดเศษผมเพื่อเก็บรายละเอียด และความสะอาด <br />หรือแปรงอ่อน ใช้ในการปัดเศษผม ที่ติดตามหน้าและคอ</p> <p><br /> ..........................................................................</p> | F75: VALENTE | G75: Comb and Brush - หวีและแปรง | H75: แปรงปัดเศษผม | I75: บริษัท พันธ์วาดี จำกัด | J75: 55 | K75: 0 | L75: 70 | M75: 85 | N75: 78 | O75: 120 | P75: 0 | R75: 1 | S75: 1 | T75: 1 | V75: 8858890796785
A76: K-028-1 | B76: 10-PINK | D76: BARBER BRUSH แปรงปัดผม พู่ปัดแป้ง 2in1 รุ่น K-028/1 | E76: <p>BARBER BRUSH พู่ปัดแป้งแบบบรรจุแป้งด้านใน<br />แปรงปัดผมขน มี5สี สีชมพู - มีสี ฟ้า ส้ม ชมพู เทา ทอง - <br />สามารถบรรจุแป้งด้านในได้ ขนาดสินค้า 5x16 ซม. ใช้ปัดเศษผม</p> <p>คุณสมบัติ: <br />&nbsp; &nbsp; &nbsp; &nbsp; ✔︎ 2in1 พู่ปัดแป้ง ปัดเส้นผม <br />&nbsp; &nbsp; &nbsp; &nbsp;&nbsp;✔︎ ขนาดแปรงจับถนัดมือ <br />&nbsp; &nbsp; &nbsp; &nbsp;&nbsp;✔︎ ใช้งานง่าย เพียงกดปุ่มเพื่อให้แป้งออกมาขณะปัดเศษผม <br />&nbsp; &nbsp; &nbsp; &nbsp;&nbsp;✔︎ แปรงปัดแป้งฝุ่นทรงโดมพุ่มใหญ่หนานุ่มที่มีเอกลักษณ์เฉพาะตัว<br />&nbsp; &nbsp; &nbsp; &nbsp;&nbsp;✔︎ ผลิตจากวัสดุขนสังเคราะห์เกรดพรีเมียมคุณภาพดี และไม่บาดผิวหน้า<br />&nbsp; &nbsp; &nbsp; &nbsp;&nbsp;✔︎ ขนแปรงสามารถเกาะผงแป้งได้อย่างดี ช่วยให้คุณปัดแป้งได้อย่างรวดเร็ว<br />&nbsp; &nbsp; &nbsp; &nbsp;&nbsp;✔︎ ด้วยพุ่มขนขนาดใหญ่และหนานุ่มให้ความรู้สึกนุ่มละมุนทุกครั้งที่แต่งหน้า<br />&nbsp; &nbsp; &nbsp; &nbsp;&nbsp;✔︎ มีขนาดกำลังพอดี จับถนัดมือ น้ำหนักเบา เหมาะสำหรับพกพา</p> <p>วิธีใช้: <br /> &nbsp; &nbsp; &nbsp; &nbsp;&nbsp;ใช้หลังการตัดผม ปัดเศษผมเพื่อเก็บรายละเอียด และความสะอาด <br />หรือแปรงอ่อน ใช้ในการปัดเศษผม ที่ติดตามหน้าและคอ</p> <p><br /> ..........................................................................</p> | F76: VALENTE | G76: Comb and Brush - หวีและแปรง | H76: แปรงปัดเศษผม | I76: บริษัท พันธ์วาดี จำกัด | J76: 55 | K76: 0 | L76: 70 | M76: 85 | N76: 78 | O76: 120 | P76: 10 | R76: 1 | S76: 1 | T76: 1 | V76: 885889079425503
A77: K-028-1 | B77: 11-GRAY | D77: BARBER BRUSH แปรงปัดผม พู่ปัดแป้ง 2in1 รุ่น K-028/1 | E77: <p>BARBER BRUSH พู่ปัดแป้งแบบบรรจุแป้งด้านใน<br />แปรงปัดผมขน มี5สี สีชมพู - มีสี ฟ้า ส้ม ชมพู เทา ทอง - <br />สามารถบรรจุแป้งด้านในได้ ขนาดสินค้า 5x16 ซม. ใช้ปัดเศษผม</p> <p>คุณสมบัติ: <br />&nbsp; &nbsp; &nbsp; &nbsp; ✔︎ 2in1 พู่ปัดแป้ง ปัดเส้นผม <br />&nbsp; &nbsp; &nbsp; &nbsp;&nbsp;✔︎ ขนาดแปรงจับถนัดมือ <br />&nbsp; &nbsp; &nbsp; &nbsp;&nbsp;✔︎ ใช้งานง่าย เพียงกดปุ่มเพื่อให้แป้งออกมาขณะปัดเศษผม <br />&nbsp; &nbsp; &nbsp; &nbsp;&nbsp;✔︎ แปรงปัดแป้งฝุ่นทรงโดมพุ่มใหญ่หนานุ่มที่มีเอกลักษณ์เฉพาะตัว<br />&nbsp; &nbsp; &nbsp; &nbsp;&nbsp;✔︎ ผลิตจากวัสดุขนสังเคราะห์เกรดพรีเมียมคุณภาพดี และไม่บาดผิวหน้า<br />&nbsp; &nbsp; &nbsp; &nbsp;&nbsp;✔︎ ขนแปรงสามารถเกาะผงแป้งได้อย่างดี ช่วยให้คุณปัดแป้งได้อย่างรวดเร็ว<br />&nbsp; &nbsp; &nbsp; &nbsp;&nbsp;✔︎ ด้วยพุ่มขนขนาดใหญ่และหนานุ่มให้ความรู้สึกนุ่มละมุนทุกครั้งที่แต่งหน้า<br />&nbsp; &nbsp; &nbsp; &nbsp;&nbsp;✔︎ มีขนาดกำลังพอดี จับถนัดมือ น้ำหนักเบา เหมาะสำหรับพกพา</p> <p>วิธีใช้: <br /> &nbsp; &nbsp; &nbsp; &nbsp;&nbsp;ใช้หลังการตัดผม ปัดเศษผมเพื่อเก็บรายละเอียด และความสะอาด <br />หรือแปรงอ่อน ใช้ในการปัดเศษผม ที่ติดตามหน้าและคอ</p> <p><br /> ..........................................................................</p> | F77: VALENTE | G77: Comb and Brush - หวีและแปรง | H77: แปรงปัดเศษผม | I77: บริษัท พันธ์วาดี จำกัด | J77: 55 | K77: 0 | L77: 70 | M77: 85 | N77: 78 | O77: 120 | P77: 0 | R77: 1 | S77: 1 | T77: 1 | V77: 88858890796808
A78: VAL-739 | D78: BARBER BRUSH วาเลนเต้ แปรงปัดหนวด สีครีม ใหญ่ 0.029g. รหัสสินค้า VAL-739 | E78: <p>แปรงปัดหนวด ขนอ่อนสีครีม <br />ขนาดประมาน 2.5x9 ซม. ใช้ปัดหนวด</p> <p>คุณสมบัติ:<br />&nbsp; &nbsp; &nbsp; &nbsp; &nbsp; ✔︎ ขนไนล่อนคุณภาพเยี่ยม <br />&nbsp; &nbsp; &nbsp; &nbsp; &nbsp;&nbsp;✔︎ ใช้ปัดหนวด ปัดเส้นผม <br />&nbsp; &nbsp; &nbsp; &nbsp; &nbsp;&nbsp;✔︎ ขนาดแปรงจับถนัดมือ <br />&nbsp; &nbsp; &nbsp; &nbsp; &nbsp;&nbsp;✔︎ ใช้งานง่าย</p> <p>วิธีใช้: <br /> ใช้หลังการตัดผมโกนหนวด ปัดเศษผม เศษหนวด เพื่อเก็บรายละเอียด และความสะอาด<br />*เหมาะสำหรับร้านบาร์เบอร์</p> | F78: VALENTE | G78: Comb and Brush - หวีและแปรง | H78: แปรงปัดเศษผม | I78: บริษัท พันธ์วาดี จำกัด | J78: 18 | K78: 0 | L78: 25 | M78: 0 | N78: 35 | O78: 75 | P78: 33 | R78: 1 | S78: 1 | T78: 1 | V78: 8858890793777
A79: VAL-9904 | D79: BARBER BRUSH วาเลนเต้ แปรงปัดหนวด สีครีม เล็ก 0.016g. รหัสสินค้า VAl-9904 | E79: <p>แปรงปัดหนวด <br />ขนาดประมาน กว้าง 2 ซม. ยาว 8 ซม.</p> <p>คุณสมบัติ: <br />&nbsp; &nbsp; &nbsp; &nbsp; &nbsp;✔︎ ขนหมูแท้ <br />&nbsp; &nbsp; &nbsp; &nbsp; &nbsp;✔︎ ใช้ปัดหนวด ปัดเส้นผม <br />&nbsp; &nbsp; &nbsp; &nbsp; &nbsp;✔︎ ขนาดแปรงจับถนัดมือ <br />&nbsp; &nbsp; &nbsp; &nbsp; &nbsp;✔︎ ใช้งานง่าย</p> <p>วิธีใช้: ใช้หลังการตัดผมโกนหนวด ปัดเศษผม เศษหนวด <br />เพื่อเก็บรายละเอียด และความสะอาด</p> | F79: VALENTE | G79: Comb and Brush - หวีและแปรง | H79: แปรงปัดเศษผม | I79: บริษัท พันธ์วาดี จำกัด | J79: 13 | K79: 0 | L79: 20 | M79: 25 | N79: 50 | O79: 65 | P79: 121 | R79: 1 | S79: 1 | T79: 1 | V79: 8858890791094
A80: M-45 | D80: NECKERCHIEF กระดาษรองคอ รหัส M-45 | E80: <p>กระดาษรองคอ 1 แพ็ค มี 5 ม้วน <br />1 ม้วน มี 100 แผ่น<br />ใช้พันคอเพื่อป้องกันไม่ให้เศษผมตกไปที่ซอกคอ</p> <p>คุณสมบัติ:<br /> <br />&nbsp; &nbsp; &nbsp; &nbsp; ✔︎ ใช้พันบริเวณลำคอเพื่อป้องกันไม่ให้เศษผมตกไปที่ซอกคอขณะตัดผม <br />&nbsp; &nbsp; &nbsp; &nbsp;&nbsp;✔︎ กาวเหนียวแน่นกระดาษยืดหยุ่นไม่ขาดง่าย</p> <p>วิธีใช้: ใช้ขณะการตัดผมโกนหนวด</p> | F80: VALENTE | G80: Other Equipment - อุปกรณ์อื่นๆ | H80: อุปกรณ์บาร์เบอร์ | I80: บริษัท พันธ์วาดี จำกัด | J80: 100 | K80: 0 | L80: 110 | M80: 120 | N80: 125 | O80: 175 | P80: 0 | R80: 1 | S80: 1 | T80: 1 | V80: 8858890795870
A81: VAL-61 | D81: VALENTE SCISSORS กรรไกรตัดผม ด้ามทอง 6.5 | E81: <p>VALENTE SCISSORS กรรไกรตัดผม รุ่น VAL-61<br />กรรไกรซอยผมขนาด 6.5 นิ้ว<br />วัสดุมีคุณภาพ น้ำหนักเบาจับถนัดมือ ใช้สำหรับตัดแต่งทรงผม<br />เหมาะสำหรับผู้เริ่มต้นใช้งาน เเละช่างมืออาชีพ</p> <p><br />วิธีใช้: <br />✂ กรรไกรตัด ใช้ตัดผมให้สั้นลง บางทีก็ใช้ตัดให้ผมบางลงได้ ขึ้นอยู่กับวิธีการตัด</p> <p><br />**สามารถดูวิธีใช้เพิ่มเติมได้ที่ QR code บนกล่อง</p> | F81: VALENTE | G81: Hair Scissors - กรรไกรตัดซอย | H81: สินค้าแบบแยกชิ้น | I81: บริษัท พันธ์วาดี จำกัด | J81: 290 | K81: 399 | L81: 350 | M81: 320 | N81: 450 | O81: 590 | P81: 85 | R81: 1 | S81: 1 | T81: 1 | V81: 8858890760267
A82: VAL-62 | D82: VALENTE SCISSORS กรรไกรซอยผม ด้ามทอง 6 | E82: <p>VALENTE SCISSORS กรรไกรซอยผม รุ่นVAL-62</p> <p>คุณสมบัติ<br />✔︎ วัสดุมีคุณภาพ <br />✔︎ น้ำหนักเบาจับถนัดมือ <br />✔︎ ใช้สำหรับตัดแต่งทรงผม<br />เหมาะสำหรับผู้เริ่มต้นใช้งาน เเละช่างมืออาชีพ</p> <p><br /> <br />วิธีใช้: <br />✂ กรรไกรซอย(ฟันปลา) ใช้ซอยผมให้บางลง ขนาดความยาวเท่าเดิม <br />**สามารถดูวิธีใช้เพิ่มเติมได้ที่ QR code บนกล่อง</p> | F82: VALENTE | G82: Hair Scissors - กรรไกรตัดซอย | H82: สินค้าแบบแยกชิ้น | I82: บริษัท พันธ์วาดี จำกัด | J82: 275 | K82: 399 | L82: 350 | M82: 350 | N82: 450 | O82: 590 | P82: 13 | R82: 1 | S82: 1 | T82: 1 | V82: 8858890760250
A83: JH-801 | D83: VALENTE วาเลนเต้ กรรไกรตัด-ซอย 6&quot; รุ่น JH-801 | E83: <p>VALENTE กรรไกร ตัด+ซอย ขนาด 6.5 นิ้ว<br />วัสดุมีคุณภาพ น้ำหนักเบาจับถนัดมือ ใช้สำหรับตัดแต่งทรงผม<br />เหมาะสำหรับผู้เริ่มต้นใช้งาน เเละช่างมืออาชีพ</p> <p>ใน 1 ชุดประกอบไปด้วย: <br /> - กรรไกรตัด+ซอย <br /> *(แถม) - กระเป๋าใส่กรรไกร <br /> *(แถม) - ผ้า1ผืน <br /> *(แถม) - น้ำมัน 1ขวด <br /> <br />วิธีใช้: <br />✂ กรรไกรตัด ใช้ตัดผมให้สั้นลง บางทีก็ใช้ตัดให้ผมบางลงได้ ขึ้นอยู่กับวิธีการตัด <br />✂ กรรไกรซอย(ฟันปลา) ใช้ซอยผมให้บางลง ขนาดความยาวเท่าเดิม <br /> ** สามารถดูวิธีใช้เพิ่มเติมได้ที่ QR code บนกล่อง</p> | F83: VALENTE | G83: Hair Scissors - กรรไกรตัดซอย | H83: สินค้าแบบเซต | I83: บริษัท พันธ์วาดี จำกัด | J83: 528 | K83: 0 | L83: 585 | M83: 0 | N83: 650 | O83: 810 | P83: 89 | R83: 1 | S83: 1 | T83: 1 | V83: 8858890760984
A84: JH-802 | D84: VALENTE วาเลนเต้ กรรไกรตัด-ซอย 6&quot; รุ่น JH-802 | E84: <p>VALENTE กรรไกรตัด-ซอย รุ่น JH-802<br />วัสดุมีคุณภาพ น้ำหนักเบาจับถนัดมือ ใช้สำหรับตัดแต่งทรงผม<br />เหมาะสำหรับผู้เริ่มต้นใช้งาน เเละช่างมืออาชีพ</p> <p>ใน 1 ชุด ประกอบไปด้วย: <br />- กรรไกรตัด ขนาด 7 นิ้ว + กรรไกรซอย ขนาด 7 นิ้ว <br />- กระเป๋าเก็บกรรไกร</p> <p>วิธีใช้: <br />✂ กรรไกรตัด ใช้ตัดผมให้สั้นลง บางทีก็ใช้ตัดให้ผมบางลงได้ ขึ้นอยู่กับวิธีการตัด <br />✂ กรรไกรซอย(ฟันปลา) ใช้ซอยผมให้บางลง ขนาดความยาวเท่าเดิม <br />**สามารถดูวิธีใช้เพิ่มเติมได้ที่ QR code บนกล่อง</p> | F84: VALENTE | G84: Hair Scissors - กรรไกรตัดซอย | H84: สินค้าแบบเซต | I84: บริษัท พันธ์วาดี จำกัด | J84: 528 | K84: 0 | L84: 585 | M84: 800 | N84: 650 | O84: 810 | P84: 9 | R84: 1 | S84: 1 | T84: 1 | V84: 8858890760991
A85: VAL-350AS-L | D85: VALENTE กรรไกรตัดขนจมูก 3.5&quot; นิ้ว VAL-350AS/L | E85: <p>เนื้อเหล็กดี มีคุณภาพ</p> <p>จับถนัดมือ ใช้สำหรับตัดขนจมูก ปลายงอน<br />กรรไกรตัด ขนาด3.5นิ้ว</p> <p>คุณสมบัติ: <br />✔︎ ตัวกรรไกรมีขนาดที่พอเหมาะ จับถนัดมือ <br />✔︎ วัสดุดีมีคุณภาพ <br />✔︎ ใช้สำหรับตัดขนจมูกปลายงอน</p> <p>** สามารถใช้ได้ทุกเพศทุกวัย **</p> | F85: VALENTE | G85: Hair Scissors - กรรไกรตัดซอย | H85: สินค้าแบบแยกชิ้น | I85: บริษัท พันธ์วาดี จำกัด | J85: 45 | K85: 0 | L85: 56 | M85: 0 | N85: 76 | O85: 100 | P85: 0 | R85: 1 | T85: 1 | V85: 8858890760069
A86: VAL-400AS-G | D86: VALENTE กรรไกรตัดขนจมูก 4&quot; นิ้ว VAL-400AS/G | E86: <p>เนื้อเหล็กดี มีคุณภาพ<br />จับถนัดมือ ใช้ตัดขนจมูก<br />ขนาด 4นิ้ว</p> <p>คุณสมบัติ: <br />&nbsp; &nbsp; &nbsp; &nbsp;✔︎ ตัวกรรไกรมีขนาดที่พอเหมาะ จับถนัดมือ <br />&nbsp; &nbsp; &nbsp; &nbsp;✔︎ วัสดุดีมีคุณภาพ <br />&nbsp; &nbsp; &nbsp; &nbsp;✔︎ ใช้สำหรับตัดขนจมูกปลายงอน</p> <p>&nbsp;</p> | F86: VALENTE | G86: Hair Scissors - กรรไกรตัดซอย | H86: สินค้าแบบแยกชิ้น | I86: บริษัท พันธ์วาดี จำกัด | J86: 58 | K86: 0 | L86: 70 | M86: 0 | N86: 85 | O86: 110 | P86: 0 | S86: 1 | T86: 1 | V86: 8858890760687
A87: BD-15A | D87: VALENTE กระเป๋าใส่กรรไกรวาเลนเต้ ลายหมากรุก สีน้ำตาล รุ่น BD-15A | E87: <p>กระเป๋าใส่กรรไกรวาเลนเต้ ลายหมากรุก สีน้ำตาล <br />ขนาดกว้าง 12ซม. ยาว21 ซม. หนา 3.5ซม.</p> <p>คุณสมบัติ:<br />&nbsp; &nbsp; &nbsp; &nbsp; &nbsp;✔︎ กระเป๋าใส่อุปกรณ์บาร์เบอร์และเสริมสวย <br />&nbsp; &nbsp; &nbsp; &nbsp; &nbsp;✔︎ ใส่กรรไกรหรือหวี อุปกรณ์ช่าง <br />&nbsp; &nbsp; &nbsp; &nbsp; &nbsp;✔︎ วัสดุหนังชั้นดี ตกแต่งด้วยลวยลายตาราง <br />&nbsp; &nbsp; &nbsp; &nbsp; &nbsp;✔︎ กระเป๋าอุปกรณ์ช่างสามารถคาดเอวได้ <br />&nbsp; &nbsp; &nbsp; &nbsp; &nbsp;✔︎ มีสายยาวเป็นแบบฝาปิด สามารถปรับระดับได้</p> | F87: VALENTE | G87: Hair Scissors - กรรไกรตัดซอย | H87: กระเป๋าใส่กรรไกร | I87: บริษัท พันธ์วาดี จำกัด | J87: 241.95 | K87: 0 | L87: 280 | M87: 0 | N87: 300 | O87: 390 | P87: 0 | R87: 1 | S87: 1 | T87: 1 | V87: 8858890793586
A88: BD-18 | D88: VALENTE กระเป๋าใส่กรรไกร วาเลนเต้ สีน้ำตาล (BD-18) | E88: <p>กระเป๋าใส่กรรไกรวาเลนเต้สีน้ำตาล <br />ขนาด 16x21ซม.</p> <p>คุณสมบัติ:<br />✔︎ กระเป๋าใส่อุปกรณ์บาร์เบอร์และซาลอน <br />✔︎ ใส่กรรไกรหรือหวี อุปกรณ์ช่าง <br />✔︎ วัสดุหนังชั้นดี ตกแต่งด้วยลวยลายตาราง <br />✔︎ กระเป๋าอุปกรณ์ช่างสามารถคาดเอวได้<br />✔︎ มีสายยาว สามารถปรับระดับได้ <br />✔︎ สกรีนชื้อแบรนด์ VELENTE วาเลนเต้ ของแท้ 100%</p> | F88: VALENTE | G88: Hair Scissors - กรรไกรตัดซอย | H88: กระเป๋าใส่กรรไกร | I88: บริษัท พันธ์วาดี จำกัด | J88: 195.48 | K88: 0 | L88: 230 | M88: 0 | N88: 255 | O88: 330 | P88: 0 | S88: 1 | T88: 1 | V88: 8858890793593
A89: BD-19 | D89: VALENTE กระเป๋าใส่กรรไกร สีน้ำตาล รุ่น BD-19 | E89: <p>กระเป๋าใส่กรรไกรวาเลนเต้สีน้ำตาล <br />มีสายยาว สามารถปรับระดับได้ ขนาด 17x18 ซม.</p> <p>กระเป๋าใส่กรรไกร สีน้ำตาล <br />✔︎ ทำจากวัสดุดีมีคุณภาพ <br />✔︎ สามารถใช้ได้หลายช่อง <br />✔︎ สามารถใส่กรรไกรได้ 2-3 เล่ม <br />✔︎ หวีอีก 2-3 ชิ้น <br />✔︎ เสริมความเป็นมืออาชีพ</p> | F89: VALENTE | G89: Hair Scissors - กรรไกรตัดซอย | H89: กระเป๋าใส่กรรไกร | I89: บริษัท พันธ์วาดี จำกัด | J89: 198 | K89: 0 | L89: 230 | M89: 0 | N89: 255 | O89: 330 | P89: 0 | S89: 1 | T89: 1 | V89: 8858890793609
A90: BD-19A | D90: VALENTE วาเลนเต้ กระเป๋าใส่กรรไกร สีดำ รุ่น BD-19A | E90: <p>VALENTE วาเลนเต้ กระเป๋าใส่กรรไกร รุ่น BD-19A</p> <p>กระเป๋าใส่อุปกรณ์ช่าง <br />✔︎ ทำจากวัสดุดีมีคุณภาพ สามารถใช้ได้หลายช่อง <br />✔︎ สามารถใส่กรรไกรได้ 2-3 เล่ม <br />✔︎ ใส่หวีได้อีก 2-3 ชิ้น <br />✔︎ เสริมความเป็นมืออาชีพ <br />✔︎ ช่วยจัดระเบียบ <br />✔︎ หยิบใช้งานอุปกรณ์ได้ง่ายยิ่งขึ้น</p> | F90: VALENTE | G90: Hair Scissors - กรรไกรตัดซอย | H90: กระเป๋าใส่กรรไกร | I90: บริษัท พันธ์วาดี จำกัด | J90: 178 | K90: 0 | L90: 210 | M90: 0 | N90: 255 | O90: 320 | P90: 0 | R90: 1 | S90: 1 | T90: 1 | V90: 8858890794026
A91: HL-910A | D91: กระเป๋าใส่กรรไกร รุ่น HL-910/A | E91: <p>กระเป๋าใส่กรรไกร รุ่นHL-910/A สีดำ <br />มีสายยาว สามารถปรับระดับได้ : ขนาด17x25x9ซม.</p> <p>✔︎ มีช่องใส่กรรไกรถึง 5 ช่อง <br />✔︎ กระเป๋าเสริมสามารถจุใส่อุปกรณ์เช่นหวีได้เพิ่มเติม<br />✔︎ มีสายสามารถ คาดเอวในตัว</p> | F91: VALENTE | G91: Hair Scissors - กรรไกรตัดซอย | H91: กระเป๋าใส่กรรไกร | I91: บริษัท พันธ์วาดี จำกัด | J91: 308 | K91: 0 | L91: 350 | M91: 350 | N91: 350 | O91: 480 | P91: 22 | S91: 1 | T91: 1 | V91: 8858890793760
A92: HL-922A | D92: กระเป๋าใส่กรรไกร วาเลนเต้ คาดเอว ปรับสายได้ HL-922/A | E92: <p>กระเป๋าใส่กรรไกร สีดำ <br /> มีสายยาว สามารถปรับระดับได้ <br />ขนาดกว้าง 12ซม. ยาว 23ซม.</p> <p>✔︎ ทำจากวัสดุอย่างดี<br />✔︎ มีคาดคาดเอว <br />✔︎ สามารถใส่กรรไกรและหวีได้<br />✔︎ มีห่วงไว้คาดเอว <br />✔︎ ช่วยให้หยิบใช้อุปกรณ์ได้ถนัดมือมากขึ้น</p> | F92: VALENTE | G92: Hair Scissors - กรรไกรตัดซอย | H92: กระเป๋าใส่กรรไกร | I92: บริษัท พันธ์วาดี จำกัด | J92: 316.8 | K92: 0 | L92: 350 | M92: 350 | N92: 370 | O92: 470 | P92: 9 | S92: 1 | T92: 1 | V92: 8858890794545
A93: HL-923 | D93: กระเป๋าใส่กรรไกร วาเลนเต้ สีดำ มีสายคาดเอว รุ่น HL-923 | E93: <p>กระเป๋าใส่กรรไกร รุ่น HL-923 <br />กระเป๋าใส่กรรไกรวาเลนเต้สีดำ มีสายยาว สามารถปรับระดับได้ <br />ขนาดกว้าง 12 ซม. ยาว 21ซม.<br />ดีไซน์สวยงาม แต่งกระดุมและตราปืนคู่</p> <p>✔︎ ใส่อุปกรณ์ช่าง กรรไกร หวี <br />✔︎ มีสายคาดเอว <br />✔︎ ช่วยให้หยิบใช้อุปกรณ์ได้ถนัดมือมากขึ้น</p> | F93: VALENTE | G93: Hair Scissors - กรรไกรตัดซอย | H93: กระเป๋าใส่กรรไกร | I93: บริษัท พันธ์วาดี จำกัด | J93: 250.12 | K93: 0 | L93: 320 | M93: 0 | N93: 360 | O93: 465 | P93: 0 | S93: 1 | T93: 1 | V93: 8858890794538
A94: VAL-1919 | B94: 01-BLACK | D94: The Professional วาเลนเต้ ปัตตาเลี่ยนไฟฟ้า 12W 0.738g. VAL-1919 | E94: <p>คุณสมบัติ:<br />&nbsp; &nbsp; &nbsp; &nbsp; &nbsp; ใช้งานง่าย สะดวกสบายสุดๆ<br />VALENTE ปัตตาเลี่ยนไฟฟ้า รุ่น The Professional VAL-1919 <br />มาพร้อมอุปกรณ์เสริมช่วยในการตัดผม ได้แก่ <br />&nbsp; &nbsp; &nbsp; &nbsp; &nbsp; &nbsp; &nbsp;- รองฟัน <br /> &nbsp; &nbsp; &nbsp; &nbsp; &nbsp; &nbsp; &nbsp;- หวีซอยผม <br /> &nbsp; &nbsp; &nbsp; &nbsp; &nbsp; &nbsp; &nbsp;- แปรงปัดฟันปัตตาเลี่ยน <br /> &nbsp; &nbsp; &nbsp; &nbsp; &nbsp; &nbsp; &nbsp;- น้ำมัน <br /> &nbsp; &nbsp; &nbsp; &nbsp; &nbsp; &nbsp; &nbsp;- ตัวปรับมอเตอร์ <br />&nbsp; &nbsp; &nbsp; &nbsp; &nbsp; เพื่อให้คุณใช้งานด้วยตนเองได้ง่ายมากขึ้น อีกทั้งยังมีน้ำหนักเบา ไม่หนักมาก <br />และรูปทรงที่สวยงาม พร้อมด้ามจับถนัดมือ รวมทั้งสายไฟที่ยาวเพื่อความสะดวกต่อ<br />การเคลื่อนย้าย</p> <p>วิธีใช้: <br /> &nbsp; &nbsp; &nbsp; &nbsp; &nbsp;&nbsp;ปัตตาเลี่ยนตัวเล็ก เหมาะสำหรับ การใช้กันขอบ แกะลาย เก็บงาน แต่งหนวดเครา <br />เพราะขนาดฟันเล็ก เข้าซอกมุมได้ง่าย</p> <p><br />&nbsp; &nbsp; &nbsp; &nbsp; &nbsp; &nbsp; &nbsp; &nbsp;*** รับประกันสูงสุดถึง 1 ปี ***<br /> &nbsp; &nbsp; &nbsp; &nbsp; &nbsp;&nbsp;*** ใช้ได้ทั้งมือใหม่และมืออาชีพ ***&nbsp;</p> | F94: VALENTE | G94: Electrical Equipment - อุปกรณ์ไฟฟ้า | H94: ปัตตาเลี่ยนมีสาย | I94: บริษัท พันธ์วาดี จำกัด | J94: 414.96 | K94: 0 | L94: 540 | M94: 0 | N94: 499 | O94: 780 | P94: 10 | R94: 1 | S94: 1 | T94: 1 | V94: 8858890720124
A95: VAL-1919 | B95: 02-RED | D95: The Professional วาเลนเต้ ปัตตาเลี่ยนไฟฟ้า 12W 0.738g. VAL-1919 | E95: <p>คุณสมบัติ:<br />&nbsp; &nbsp; &nbsp; &nbsp; &nbsp; ใช้งานง่าย สะดวกสบายสุดๆ<br />VALENTE ปัตตาเลี่ยนไฟฟ้า รุ่น The Professional VAL-1919 <br />มาพร้อมอุปกรณ์เสริมช่วยในการตัดผม ได้แก่ <br />&nbsp; &nbsp; &nbsp; &nbsp; &nbsp; &nbsp; &nbsp;- รองฟัน <br /> &nbsp; &nbsp; &nbsp; &nbsp; &nbsp; &nbsp; &nbsp;- หวีซอยผม <br /> &nbsp; &nbsp; &nbsp; &nbsp; &nbsp; &nbsp; &nbsp;- แปรงปัดฟันปัตตาเลี่ยน <br /> &nbsp; &nbsp; &nbsp; &nbsp; &nbsp; &nbsp; &nbsp;- น้ำมัน <br /> &nbsp; &nbsp; &nbsp; &nbsp; &nbsp; &nbsp; &nbsp;- ตัวปรับมอเตอร์ <br />&nbsp; &nbsp; &nbsp; &nbsp; &nbsp; เพื่อให้คุณใช้งานด้วยตนเองได้ง่ายมากขึ้น อีกทั้งยังมีน้ำหนักเบา ไม่หนักมาก <br />และรูปทรงที่สวยงาม พร้อมด้ามจับถนัดมือ รวมทั้งสายไฟที่ยาวเพื่อความสะดวกต่อ<br />การเคลื่อนย้าย</p> <p>วิธีใช้: <br /> &nbsp; &nbsp; &nbsp; &nbsp; &nbsp;&nbsp;ปัตตาเลี่ยนตัวเล็ก เหมาะสำหรับ การใช้กันขอบ แกะลาย เก็บงาน แต่งหนวดเครา <br />เพราะขนาดฟันเล็ก เข้าซอกมุมได้ง่าย</p> <p><br />&nbsp; &nbsp; &nbsp; &nbsp; &nbsp; &nbsp; &nbsp; &nbsp;*** รับประกันสูงสุดถึง 1 ปี ***<br /> &nbsp; &nbsp; &nbsp; &nbsp; &nbsp;&nbsp;*** ใช้ได้ทั้งมือใหม่และมืออาชีพ ***&nbsp;</p> | F95: VALENTE | G95: Electrical Equipment - อุปกรณ์ไฟฟ้า | H95: ปัตตาเลี่ยนมีสาย | I95: บริษัท พันธ์วาดี จำกัด | J95: 414.96 | K95: 0 | L95: 540 | M95: 0 | N95: 499 | O95: 780 | P95: 2 | R95: 1 | S95: 1 | T95: 1 | V95: 8858890723057
A96: VAL-1919 | B96: 06-YELLOW | D96: The Professional วาเลนเต้ ปัตตาเลี่ยนไฟฟ้า 12W 0.738g. VAL-1919 | E96: <p>คุณสมบัติ:<br />&nbsp; &nbsp; &nbsp; &nbsp; &nbsp; ใช้งานง่าย สะดวกสบายสุดๆ<br />VALENTE ปัตตาเลี่ยนไฟฟ้า รุ่น The Professional VAL-1919 <br />มาพร้อมอุปกรณ์เสริมช่วยในการตัดผม ได้แก่ <br />&nbsp; &nbsp; &nbsp; &nbsp; &nbsp; &nbsp; &nbsp;- รองฟัน <br /> &nbsp; &nbsp; &nbsp; &nbsp; &nbsp; &nbsp; &nbsp;- หวีซอยผม <br /> &nbsp; &nbsp; &nbsp; &nbsp; &nbsp; &nbsp; &nbsp;- แปรงปัดฟันปัตตาเลี่ยน <br /> &nbsp; &nbsp; &nbsp; &nbsp; &nbsp; &nbsp; &nbsp;- น้ำมัน <br /> &nbsp; &nbsp; &nbsp; &nbsp; &nbsp; &nbsp; &nbsp;- ตัวปรับมอเตอร์ <br />&nbsp; &nbsp; &nbsp; &nbsp; &nbsp; เพื่อให้คุณใช้งานด้วยตนเองได้ง่ายมากขึ้น อีกทั้งยังมีน้ำหนักเบา ไม่หนักมาก <br />และรูปทรงที่สวยงาม พร้อมด้ามจับถนัดมือ รวมทั้งสายไฟที่ยาวเพื่อความสะดวกต่อ<br />การเคลื่อนย้าย</p> <p>วิธีใช้: <br /> &nbsp; &nbsp; &nbsp; &nbsp; &nbsp;&nbsp;ปัตตาเลี่ยนตัวเล็ก เหมาะสำหรับ การใช้กันขอบ แกะลาย เก็บงาน แต่งหนวดเครา <br />เพราะขนาดฟันเล็ก เข้าซอกมุมได้ง่าย</p> <p><br />&nbsp; &nbsp; &nbsp; &nbsp; &nbsp; &nbsp; &nbsp; &nbsp;*** รับประกันสูงสุดถึง 1 ปี ***<br /> &nbsp; &nbsp; &nbsp; &nbsp; &nbsp;&nbsp;*** ใช้ได้ทั้งมือใหม่และมืออาชีพ ***&nbsp;</p> | F96: VALENTE | G96: Electrical Equipment - อุปกรณ์ไฟฟ้า | H96: ปัตตาเลี่ยนมีสาย | I96: บริษัท พันธ์วาดี จำกัด | J96: 414.96 | K96: 0 | L96: 540 | M96: 0 | N96: 499 | O96: 780 | P96: 3 | R96: 1 | S96: 1 | T96: 1 | V96: 8858890723064
A97: COMB-3 | D97: COMB 3 หวีรองซอยแอมเบอร์ชุด 3 ชิ้น รุ่น COMB-3 | E97: <p>หวีรองซอยแอมเบอร์ <br />น้ำหนักเบา แข็งแรง ใช้งานได้นาน</p> <p>1 ชุด มี 3 ชิ้น 3 ขนาด<br />&nbsp; &nbsp; &nbsp; &nbsp;- เล็ก ขนาด 12.5 cm<br />&nbsp; &nbsp; &nbsp; &nbsp;- กลาง ขนาด 16.5 cm<br />&nbsp; &nbsp; &nbsp; &nbsp;- ใหญ่ ขนาด 19 cm</p> <p>วิธีใช้ : ใช้สำหรับรองตัดบัตตาเลี่ยน หวีรองทรง หวีรอง</p> | F97: VALENTE | G97: Comb and Brush - หวีและแปรง | H97: หวีเซตทรง | I97: บริษัท พันธ์วาดี จำกัด | J97: 27 | K97: 0 | L97: 45 | M97: 0 | N97: 100 | O97: 130 | P97: 24 | R97: 1 | S97: 1 | T97: 1
A98: VAL-123 | D98: VALENTE หวีรองซอย VAL-123 | E98: <p><br />คุณสมบัติ: <br />✔︎ หวีรองซอย สีขาว <br />✔︎ ขนาด 20*2.5 cm <br />✔︎ ซี่หวี 2 ระดับ <br />✔︎ ใช้รองซอยเวลาตัดผม <br /> <br />วิธีใช้: <br /> หวีซอย สามารถใช้คู่กับกรรไกร เวลาทำการตัดหรือซอยผม</p> | F98: VALENTE | G98: Comb and Brush - หวีและแปรง | H98: หวีรองตัด รองซอย ขึ้นทรง | I98: บริษัท พันธ์วาดี จำกัด | J98: 11 | K98: 0 | L98: 20 | M98: 0 | N98: 35 | O98: 65 | P98: 25 | R98: 1 | S98: 1 | T98: 1 | V98: 8858890781361
A99: VAL-124 | D99: VALENTE Secondary Comb หวีรองซอย สีขาว รุ่น VAL-124 | E99: <p>Valente Secondary Comb หวีรอวซอยสีขาว รุ่น VAL-124</p> <p>คุณสมบัติ: <br />✔︎ ขนาด 20*4.2 cm<br />✔︎ หวีเกาะเส้นผม ทำให้ง่ายต่อการตัดและจัดทรง<br />✔︎ เช็ดล้างทำความสะอาดได้ โดยไม่ทำลายคุณภาพของหวี <br /> <br />วิธีใช้: หวีซอย สามารถใช้คู่กับกรรไกร เวลาทำการตัดหรือซอยผม</p> | F99: VALENTE | G99: Comb and Brush - หวีและแปรง | H99: หวีรองตัด รองซอย ขึ้นทรง | I99: บริษัท พันธ์วาดี จำกัด | J99: 18.34 | K99: 0 | L99: 30 | M99: 35 | N99: 50 | O99: 75 | P99: 441 | R99: 1 | S99: 1 | T99: 1 | V99: 8858890782214
A100: VAL-211B | D100: หวีรองซอย VALENTE รุ่น VAL-211/B | E100: <p>วาเลนเต้ หวีรองซอยไฟเบอร์ VAL-211/B</p> <p>คุณสมบัติ : <br /> - ยาว 17 ซม. กว้าง 2.3 ซม.<br /> - ความห่างของซี่หวีมี 2 ระดับ<br /> - สีน้ำตาล<br /> - น้ำหนัก 8 กรัม.</p> <p>วิธีใช้ : สำหรับรองเส้นผม</p> | F100: VALENTE | G100: Comb and Brush - หวีและแปรง | H100: หวีรองตัด รองซอย ขึ้นทรง | I100: บริษัท พันธ์วาดี จำกัด | J100: 24 | K100: 0 | L100: 30 | M100: 0 | N100: 50 | O100: 75 | P100: 14 | S100: 1 | T100: 1 | V100: 8858890720414
...

Sheet dataนน
A1: รหัสสินค้า | B1: ชื่อสินค้า* | C1: คำอธิบาย/คุณสมบัติ | D1: หมวดหมู่ | E1: น้ำหนัก (กิโลกรัม) | F1: บวกนน.กล่อง 50 กรัม | G1: ขนาด | H1: ใส่กล่องเบอร์อะไร | I1: Barcode | J1: BRAND | K1: link review | L1: เงื่อนไข | M1: ระยะเวลารับประกัน
A2: A-040 | B2: ตัวกระจายลม วาเลนเต้ ใช้คู่กับไดร์เป่าผม ปากไดร์ขนาด 2.5 นิ้ว คละสี รุ่น A-040 | C2: 🚫 ไม่ควรใช้กับไดร์ขนาดเล็กหรือไดร์ที่มีปากไดร์อ้วนและสั้น 🚫 **************ไม่รับเปลี่ยนคืนทุกกรณี***************** วาเลนเต้ ตัวกระจายลมไดร์เป่าผม สามารถใส่ได้กับไดร์ที่มีปากไดร์ขนาดประมาน 4.5 cm. หรือสามารถใช้ได้กับไดร์ทุกรุ่น ขนาดตัวกระจายลม 15*14 cm. ** คละสี ** คุณสมบัติ: ✔︎ สำหรับเป่าผมลอน หรือ ผมดัด ✔︎ ให้ลอนสวย ไม่แตกกระจาย ✔︎ใช้งานได้สะดวก ✔︎แข็งแรง ทนทาน ✔︎ ช่วยกระจายลมให้ทั่วศรีษะ ✔︎ ช่วยให้ผมแห้งเร็ว ✔︎ หรือสามารถใช้ได้กับไดร์ทุกรุ่น | E2: 0.5 | F2: 0.5 | I2: 8858890720599 | J2: VALENTE | K2: https://youtu.be/4B6VXbsa8DM
A3: A14004/1 | B3: ถ้วยผสมสี+แปรงย้อมเรนโบว์ 7 สี | C3: #ถ้วย พร้อม #แปรง #ย้อมสี #ทำสี #ย้อมผม #ผสมสี #น้ำยาเคมี #ยืดผม #ดัดผม ชุดถ้วย + แปรงย้อม สีเรนโบว์ ถ้วย ขนาด 13x5x6 CM แปรง ขนาด21x4.3 cm ขนาดเหมาะสำหรับการแบ่งสีทำไฮไลท์ | J3: VALENTE
A4: A14004/1-SET | B4: ชุดถ้วยผสมสี+แปรงย้อมเรนโบว์ 7 สี | C4: #ถ้วย พร้อม #แปรง #ย้อมสี #ทำสี #ย้อมผม #ผสมสี #น้ำยาเคมี #ยืดผม #ดัดผม ชุดถ้วย + แปรงย้อม สีเรนโบว์ ถ้วย ขนาด 13x5x6 CM แปรง ขนาด21x4.3 cm ขนาดเหมาะสำหรับการแบ่งสีทำไฮไลท์ 1 ชุดมี 7 สี 7ชิ้น หรือ สามารถซื้อแยกชิ้นแยกสีได้ค่ะ (ซื้อรวมประหยัดตังถึง save 140.-) | J4: VALENTE
A5: A-946 | B5: ตัวกระจายลม วาเลนเต้ ใช้คู่กับไดร์เป่าผม ปากไดร์ขนาด 2.5 นิ้ว รุ่น A-946 | C5: **************ไม่รับเปลี่ยนคืนทุกกรณี***************** วาเลนเต้ ตัวกระจายลมไดร์เป่าผม สามารถใส่ได้กับไดร์ที่มีปากไดร์ขนาดประมาน 4 cm. ขนาดตัวกระจายลม 14*12 cm. คุณสมบัติ: ✔︎ สำหรับเป่าผมลอน หรือ ผมดัด ✔︎ ให้ลอนสวย ไม่แตกกระจาย ✔︎ใช้งานได้สะดวก ✔︎แข็งแรง ทนทาน ✔︎ ช่วยกระจายลมให้ทั่วศรีษะ ✔︎ ช่วยให้ผมแห้งเร็ว ✔︎ หรือสามารถใช้ได้กับไดร์ทุกรุ่น | E5: 0.5 | F5: 0.5 | J5: VALENTE | K5: https://www.youtube.com/watch?v=I6BlLGUjZxI&list=PLGjfh_21bFBeTNSSYIIjGfKXLP2npOZvj&index=5
A6: ANG-001 | B6: แองเจลิค แฮร์ คัลเลอร์ ครีม 0.11 แอช | C6: แม่สีเทาอุปกรณ์ในกล่องมีดังนี้1. หลอดสี ปริมาณ 100 มล. 2. ไฮโดรเจน 3.ถุงมือ 4.วิตามินบำรุง 5. คู่มือการใช้ ปริมาณ 100 มล.x2 40 เฉดสี วิธีใช้: ใช้ผสมกับ แฮร์ ดีเวลลอปเปอร์ครีม 6%, 9% หรือ 12% แล้วแต่ความต้องการในอัตราส่วน 1:1 ชโลมทิ้งไว้ ประมาณ 30 นาที (แล้วแต่สภาพเส้นผม) แล้วล้างออก *แฮร์ วิตามิน มีสารสกัดจาก Dimethiconeที่เข้ามาช่วยบำรุงเส้นผมและล็อคความชุ่มชื่นโดยสารสกัดจะทำหน้าที่เหมือนแผ่นฟิล์มบางๆ เคลือบล็อค ไม่ให้ความชุ่มชื่นระเหยออกจากเส้นผม และสารสกัดจากธรรมชาติอย่าง Argania spinosa หรือ Argan Oil น้ำมันอาร์แกน รักษาความยืดหยุ่น ป้องกันไม่ให้ผมแห้งและสูญเสียความชุ่มชื้น และยังมีคุณสมบัติต้านลดอาการอักเสบ หรือแสบคันหลังจากการย้อมสีผม เป็นต้น วิตามิน 3 ขั้นตอนง่ายๆ เพียงแค่บิด หลังสระผมเช็ดผมให้แห้ง บีบ เม็ดวิตามินลงบนฝ่ามือ และลูบปลายเส้นผม โดยไม่ต้องล้างออก | D6: สีทำผม | E6: 0.23 | F6: =E:E+0.05 -> 0.28 | I6: 8858890710019 | J6: L'ANGEL | K6: https://www.youtube.com/watch?v=oJDykUKFm-U&list=PLGjfh_21bFBf6ETntZfATucDTeL7dj-70&index=8
A7: ANG-003 | B7: แองเจลิค แฮร์ คัลเลอร์ ครีม 0.66 เรด | C7: แม่สีแดงอุปกรณ์ในกล่องมีดังนี้1. หลอดสี ปริมาณ 100 มล. 2. ไฮโดรเจน 3.ถุงมือ 4.วิตามินบำรุง 5. คู่มือการใช้ ปริมาณ 100 มล.x2 40 เฉดสี วิธีใช้: ใช้ผสมกับ แฮร์ ดีเวลลอปเปอร์ครีม 6%, 9% หรือ 12% แล้วแต่ความต้องการในอัตราส่วน 1:1 ชโลมทิ้งไว้ ประมาณ 30 นาที (แล้วแต่สภาพเส้นผม) แล้วล้างออก *แฮร์ วิตามิน มีสารสกัดจาก Dimethiconeที่เข้ามาช่วยบำรุงเส้นผมและล็อคความชุ่มชื่นโดยสารสกัดจะทำหน้าที่เหมือนแผ่นฟิล์มบางๆ เคลือบล็อค ไม่ให้ความชุ่มชื่นระเหยออกจากเส้นผม และสารสกัดจากธรรมชาติอย่าง Argania spinosa หรือ Argan Oil น้ำมันอาร์แกน รักษาความยืดหยุ่น ป้องกันไม่ให้ผมแห้งและสูญเสียความชุ่มชื้น และยังมีคุณสมบัติต้านลดอาการอักเสบ หรือแสบคันหลังจากการย้อมสีผม เป็นต้น วิตามิน 3 ขั้นตอนง่ายๆ เพียงแค่บิด หลังสระผมเช็ดผมให้แห้ง บีบ เม็ดวิตามินลงบนฝ่ามือ และลูบปลายเส้นผม โดยไม่ต้องล้างออก | D7: สีทำผม | E7: 0.23 | F7: =E:E+0.05 -> 0.28 | I7: 8858890710033 | J7: L'ANGEL
A8: ANG-005 | B8: แองเจลิค แฮร์ คัลเลอร์ ครีม 0.88 บลู | C8: แม่สีน้ำเงินอุปกรณ์ในกล่องมีดังนี้1. หลอดสี ปริมาณ 100 มล. 2. ไฮโดรเจน 3.ถุงมือ 4.วิตามินบำรุง 5. คู่มือการใช้ ปริมาณ 100 มล.x2 40 เฉดสี วิธีใช้: ใช้ผสมกับ แฮร์ ดีเวลลอปเปอร์ครีม 6%, 9% หรือ 12% แล้วแต่ความต้องการในอัตราส่วน 1:1 ชโลมทิ้งไว้ ประมาณ 30 นาที (แล้วแต่สภาพเส้นผม) แล้วล้างออก *แฮร์ วิตามิน มีสารสกัดจาก Dimethiconeที่เข้ามาช่วยบำรุงเส้นผมและล็อคความชุ่มชื่นโดยสารสกัดจะทำหน้าที่เหมือนแผ่นฟิล์มบางๆ เคลือบล็อค ไม่ให้ความชุ่มชื่นระเหยออกจากเส้นผม และสารสกัดจากธรรมชาติอย่าง Argania spinosa หรือ Argan Oil น้ำมันอาร์แกน รักษาความยืดหยุ่น ป้องกันไม่ให้ผมแห้งและสูญเสียความชุ่มชื้น และยังมีคุณสมบัติต้านลดอาการอักเสบ หรือแสบคันหลังจากการย้อมสีผม เป็นต้น วิตามิน 3 ขั้นตอนง่ายๆ เพียงแค่บิด หลังสระผมเช็ดผมให้แห้ง บีบ เม็ดวิตามินลงบนฝ่ามือ และลูบปลายเส้นผม โดยไม่ต้องล้างออก | D8: สีทำผม | E8: 0.23 | F8: =E:E+0.05 -> 0.28 | I8: 8858890710057 | J8: L'ANGEL
A9: ANG-006 | B9: แองเจลิค แฮร์ คัลเลอร์ ครีม 3.0 สีน้ำตาลเข้ม | C9: แองเจลิค แฮร์ คัลเลอร์ ครีม 3.0 ดาร์ก บราวน์ แม่สีเทาอุปกรณ์ในกล่องมี ดังนี้ 1. หลอดสี ปริมาณ 100 มล. 2. ไฮโดรเจน 3.ถุงมือ 4.วิตามินบำรุง 5. คู่มือการใช้ ปริมาณ 100 มล.x2 *เหมาะสำหรับผู้ที่เปลี่ยนสีผมบ่อย และไม่ต้องการให้เส้นผม กรอบ หรือเกิดการแห้งเสีย *ผลลัพธ์ของสีผลที่ได้ขึ้นอยู่กับสภาพและสีผมก่อนทำ วิธีใช้: ใช้ผสมกับ แฮร์ ดีเวลลอปเปอร์ครีม 6%, 9% หรือ 12% แล้วแต่ความต้องการในอัตราส่วน 1:1 ชโลมทิ้งไว้ ประมาณ 30 นาที (แล้วแต่สภาพเส้นผม) แล้วล้างออก *แฮร์ วิตามิน มีสารสกัดจาก "Dimethicone" ที่เข้ามาช่วยบำรุงเส้นผมและล็อคความชุ่มชื่นโดย สารสกัดจะทำหน้าที่เหมือนแผ่นฟิล์มบางๆ เคลือบล็อค ไม่ให้ความชุ่มชื่นระเหยออกจากเส้นผม *สารสกัดจากธรรมชาติอย่าง "Argan Oil" น้ำมันอาร์แกน รักษาความยืดหยุ่น ป้องกันไม่ให้ผม แห้งและสูญเสียความชุ่มชื้น และยังมีคุณสมบัติต้านลดอาการอักเสบ หรือแสบคันหลังจากการย้อมสีผม เป็นต้น | I9: 8858890710064
A10: ANG-007 | B10: แองเจลิค แฮร์ คัลเลอร์ ครีม 6.0 บรอนด์เข้ม | C10: สีบลอนด์เข้ม อุปกรณ์ในกล่องมีดังนี้1. หลอดสี ปริมาณ 100 มล. 2. ไฮโดรเจน 3.ถุงมือ 4.วิตามินบำรุง 5. คู่มือการใช้ ปริมาณ 100 มล.x2 40 เฉดสี วิธีใช้: ใช้ผสมกับ แฮร์ ดีเวลลอปเปอร์ครีม 6%, 9% หรือ 12% แล้วแต่ความต้องการในอัตราส่วน 1:1 ชโลมทิ้งไว้ ประมาณ 30 นาที (แล้วแต่สภาพเส้นผม) แล้วล้างออก *แฮร์ วิตามิน มีสารสกัดจาก Dimethiconeที่เข้ามาช่วยบำรุงเส้นผมและล็อคความชุ่มชื่นโดยสารสกัดจะทำหน้าที่เหมือนแผ่นฟิล์มบางๆ เคลือบล็อค ไม่ให้ความชุ่มชื่นระเหยออกจากเส้นผม และสารสกัดจากธรรมชาติอย่าง Argania spinosa หรือ Argan Oil น้ำมันอาร์แกน รักษาความยืดหยุ่น ป้องกันไม่ให้ผมแห้งและสูญเสียความชุ่มชื้น และยังมีคุณสมบัติต้านลดอาการอักเสบ หรือแสบคันหลังจากการย้อมสีผม เป็นต้น วิตามิน 3 ขั้นตอนง่ายๆ เพียงแค่บิด หลังสระผมเช็ดผมให้แห้ง บีบ เม็ดวิตามินลงบนฝ่ามือ และลูบปลายเส้นผม โดยไม่ต้องล้างออก | D10: สีทำผม | E10: 0.23 | F10: =E:E+0.05 -> 0.28 | I10: 8858890710071 | J10: L'ANGEL
A11: ANG-008 | B11: แองเจลิค แฮร์ คัลเลอร์ ครีม 7.0 มีเดี่ยม บลอนด์ | C11: สีบลอนด์กลาง อุปกรณ์ในกล่องมีดังนี้1. หลอดสี ปริมาณ 100 มล. 2. ไฮโดรเจน 3.ถุงมือ 4.วิตามินบำรุง 5. คู่มือการใช้ ปริมาณ 100 มล.x2 40 เฉดสี วิธีใช้: ใช้ผสมกับ แฮร์ ดีเวลลอปเปอร์ครีม 6%, 9% หรือ 12% แล้วแต่ความต้องการในอัตราส่วน 1:1 ชโลมทิ้งไว้ ประมาณ 30 นาที (แล้วแต่สภาพเส้นผม) แล้วล้างออก *แฮร์ วิตามิน มีสารสกัดจาก Dimethiconeที่เข้ามาช่วยบำรุงเส้นผมและล็อคความชุ่มชื่นโดยสารสกัดจะทำหน้าที่เหมือนแผ่นฟิล์มบางๆ เคลือบล็อค ไม่ให้ความชุ่มชื่นระเหยออกจากเส้นผม และสารสกัดจากธรรมชาติอย่าง Argania spinosa หรือ Argan Oil น้ำมันอาร์แกน รักษาความยืดหยุ่น ป้องกันไม่ให้ผมแห้งและสูญเสียความชุ่มชื้น และยังมีคุณสมบัติต้านลดอาการอักเสบ หรือแสบคันหลังจากการย้อมสีผม เป็นต้น วิตามิน 3 ขั้นตอนง่ายๆ เพียงแค่บิด หลังสระผมเช็ดผมให้แห้ง บีบ เม็ดวิตามินลงบนฝ่ามือ และลูบปลายเส้นผม โดยไม่ต้องล้างออก | D11: สีทำผม | E11: 0.23 | F11: =E:E+0.05 -> 0.28 | I11: 8858890710088 | J11: L'ANGEL
A12: ANG-009 | B12: แองเจลิค แฮร์ คัลเลอร์ ครีม 8.0 ไลท์ บลอนด์ | C12: สีบลอนด์อ่อน อุปกรณ์ในกล่องมีดังนี้1. หลอดสี ปริมาณ 100 มล. 2. ไฮโดรเจน 3.ถุงมือ 4.วิตามินบำรุง 5. คู่มือการใช้ ปริมาณ 100 มล.x2 วิธีใช้: ใช้ผสมกับ แฮร์ ดีเวลลอปเปอร์ครีม 6%, 9% หรือ 12% แล้วแต่ความต้องการในอัตราส่วน 1:1 ชโลมทิ้งไว้ ประมาณ 30 นาที (แล้วแต่สภาพเส้นผม) แล้วล้างออก *แฮร์ วิตามิน มีสารสกัดจาก Dimethiconeที่เข้ามาช่วยบำรุงเส้นผมและล็อคความชุ่มชื่นโดยสารสกัดจะทำหน้าที่เหมือนแผ่นฟิล์มบางๆ เคลือบล็อค ไม่ให้ความชุ่มชื่นระเหยออกจากเส้นผม และสารสกัดจากธรรมชาติอย่าง Argania spinosa หรือ Argan Oil น้ำมันอาร์แกน รักษาความยืดหยุ่น ป้องกันไม่ให้ผมแห้งและสูญเสียความชุ่มชื้น และยังมีคุณสมบัติต้านลดอาการอักเสบ หรือแสบคันหลังจากการย้อมสีผม เป็นต้น วิตามิน 3 ขั้นตอนง่ายๆ เพียงแค่บิด หลังสระผมเช็ดผมให้แห้ง บีบ เม็ดวิตามินลงบนฝ่ามือ และลูบปลายเส้นผม โดยไม่ต้องล้างออก | D12: สีทำผม | E12: 0.23 | F12: =E:E+0.05 -> 0.28 | I12: 8858890710095 | J12: L'ANGEL
A13: ANG-010 | B13: แองเจลิค แฮร์ คัลเลอร์ ครีม 9.0 เวรี่ ไลท์ บลอนด์ | C13: สีบลอนด์อ่อนมาก อุปกรณ์ในกล่องมีดังนี้1. หลอดสี ปริมาณ 100 มล. 2. ไฮโดรเจน 3.ถุงมือ 4.วิตามินบำรุง 5. คู่มือการใช้ ปริมาณ 100 มล.x2 วิธีใช้: ใช้ผสมกับ แฮร์ ดีเวลลอปเปอร์ครีม 6%, 9% หรือ 12% แล้วแต่ความต้องการในอัตราส่วน 1:1 ชโลมทิ้งไว้ ประมาณ 30 นาที (แล้วแต่สภาพเส้นผม) แล้วล้างออก *แฮร์ วิตามิน มีสารสกัดจาก Dimethiconeที่เข้ามาช่วยบำรุงเส้นผมและล็อคความชุ่มชื่นโดยสารสกัดจะทำหน้าที่เหมือนแผ่นฟิล์มบางๆ เคลือบล็อค ไม่ให้ความชุ่มชื่นระเหยออกจากเส้นผม และสารสกัดจากธรรมชาติอย่าง Argania spinosa หรือ Argan Oil น้ำมันอาร์แกน รักษาความยืดหยุ่น ป้องกันไม่ให้ผมแห้งและสูญเสียความชุ่มชื้น และยังมีคุณสมบัติต้านลดอาการอักเสบ หรือแสบคันหลังจากการย้อมสีผม เป็นต้น วิตามิน 3 ขั้นตอนง่ายๆ เพียงแค่บิด หลังสระผมเช็ดผมให้แห้ง บีบ เม็ดวิตามินลงบนฝ่ามือ และลูบปลายเส้นผม โดยไม่ต้องล้างออก | D13: สีทำผม | E13: 0.23 | F13: =E:E+0.05 -> 0.28 | I13: 8858890710125 | J13: L'ANGEL
A14: ANG-011 | B14: แองเจลิค แฮร์ คัลเลอร์ ครีม 7.1 มีเดี่ยม แอช บลอนด์ | C14: สีบลอนด์กลางประกายเทา อุปกรณ์ในกล่องมีดังนี้1. หลอดสี ปริมาณ 100 มล. 2. ไฮโดรเจน 3.ถุงมือ 4.วิตามินบำรุง 5. คู่มือการใช้ ปริมาณ 100 มล.x2 วิธีใช้: ใช้ผสมกับ แฮร์ ดีเวลลอปเปอร์ครีม 6%, 9% หรือ 12% แล้วแต่ความต้องการในอัตราส่วน 1:1 ชโลมทิ้งไว้ ประมาณ 30 นาที (แล้วแต่สภาพเส้นผม) แล้วล้างออก *แฮร์ วิตามิน มีสารสกัดจาก Dimethiconeที่เข้ามาช่วยบำรุงเส้นผมและล็อคความชุ่มชื่นโดยสารสกัดจะทำหน้าที่เหมือนแผ่นฟิล์มบางๆ เคลือบล็อค ไม่ให้ความชุ่มชื่นระเหยออกจากเส้นผม และสารสกัดจากธรรมชาติอย่าง Argania spinosa หรือ Argan Oil น้ำมันอาร์แกน รักษาความยืดหยุ่น ป้องกันไม่ให้ผมแห้งและสูญเสียความชุ่มชื้น และยังมีคุณสมบัติต้านลดอาการอักเสบ หรือแสบคันหลังจากการย้อมสีผม เป็นต้น วิตามิน 3 ขั้นตอนง่ายๆ เพียงแค่บิด หลังสระผมเช็ดผมให้แห้ง บีบ เม็ดวิตามินลงบนฝ่ามือ และลูบปลายเส้นผม โดยไม่ต้องล้างออก | D14: สีทำผม | E14: 0.23 | F14: =E:E+0.05 -> 0.28 | I14: 8858890710118 | J14: L'ANGEL
A15: ANG-012 | B15: แองเจลิค แฮร์ คัลเลอร์ ครีม 9.1 เวรี่ ไลท์ แอช บลอนด์ | C15: สีบลอนด์อ่อนมากประกายเทา อุปกรณ์ในกล่องมีดังนี้1. หลอดสี ปริมาณ 100 มล. 2. ไฮโดรเจน 3.ถุงมือ 4.วิตามินบำรุง 5. คู่มือการใช้ ปริมาณ 100 มล.x2 วิธีใช้: ใช้ผสมกับ แฮร์ ดีเวลลอปเปอร์ครีม 6%, 9% หรือ 12% แล้วแต่ความต้องการในอัตราส่วน 1:1 ชโลมทิ้งไว้ ประมาณ 30 นาที (แล้วแต่สภาพเส้นผม) แล้วล้างออก *แฮร์ วิตามิน มีสารสกัดจาก Dimethiconeที่เข้ามาช่วยบำรุงเส้นผมและล็อคความชุ่มชื่นโดยสารสกัดจะทำหน้าที่เหมือนแผ่นฟิล์มบางๆ เคลือบล็อค ไม่ให้ความชุ่มชื่นระเหยออกจากเส้นผม และสารสกัดจากธรรมชาติอย่าง Argania spinosa หรือ Argan Oil น้ำมันอาร์แกน รักษาความยืดหยุ่น ป้องกันไม่ให้ผมแห้งและสูญเสียความชุ่มชื้น และยังมีคุณสมบัติต้านลดอาการอักเสบ หรือแสบคันหลังจากการย้อมสีผม เป็นต้น วิตามิน 3 ขั้นตอนง่ายๆ เพียงแค่บิด หลังสระผมเช็ดผมให้แห้ง บีบ เม็ดวิตามินลงบนฝ่ามือ และลูบปลายเส้นผม โดยไม่ต้องล้างออก | D15: สีทำผม | E15: 0.23 | F15: =E:E+0.05 -> 0.28 | I15: 8858890710125 | J15: L'ANGEL
A16: ANG-013 | B16: แองเจลิค แฮร์ คัลเลอร์ ครีม 7.33 สีบลอนด์กลางประกายทองจัด | C16: แองเจลิค แฮร์ คัลเลอร์ ครีม 7.33 มีเดี่ยม อินเทนส์ โกลด์ บลอนด์ แม่สีเทาอุปกรณ์ในกล่องมี ดังนี้ 1. หลอดสี ปริมาณ 100 มล. 2. ไฮโดรเจน 3.ถุงมือ 4.วิตามินบำรุง 5. คู่มือการใช้ ปริมาณ 100 มล.x2 *เหมาะสำหรับผู้ที่เปลี่ยนสีผมบ่อย และไม่ต้องการให้เส้นผม กรอบ หรือเกิดการแห้งเสีย *ผลลัพธ์ของสีผลที่ได้ขึ้นอยู่กับสภาพและสีผมก่อนทำ วิธีใช้: ใช้ผสมกับ แฮร์ ดีเวลลอปเปอร์ครีม 6%, 9% หรือ 12% แล้วแต่ความต้องการในอัตราส่วน 1:1 ชโลมทิ้งไว้ ประมาณ 30 นาที (แล้วแต่สภาพเส้นผม) แล้วล้างออก *แฮร์ วิตามิน มีสารสกัดจาก "Dimethicone" ที่เข้ามาช่วยบำรุงเส้นผมและล็อคความชุ่มชื่นโดย สารสกัดจะทำหน้าที่เหมือนแผ่นฟิล์มบางๆ เคลือบล็อค ไม่ให้ความชุ่มชื่นระเหยออกจากเส้นผม *สารสกัดจากธรรมชาติอย่าง "Argan Oil" น้ำมันอาร์แกน รักษาความยืดหยุ่น ป้องกันไม่ให้ผม แห้งและสูญเสียความชุ่มชื้น และยังมีคุณสมบัติต้านลดอาการอักเสบ หรือแสบคันหลังจากการย้อมสีผม เป็นต้น
A17: ANG-014 | B17: แองเจลิค แฮร์ คัลเลอร์ ครีม 9.33 เวรี่ ไลท์ อินเทนส์ โกลด์ บลอนด์ | C17: แองเจลิค แฮร์ คัลเลอร์ ครีม 9.33 เวรี่ ไลท์ อินเทนส์ โกลด์ บลอนด์ แม่สีเทาอุปกรณ์ในกล่องมี ดังนี้ 1. หลอดสี ปริมาณ 100 มล. 2. ไฮโดรเจน 3.ถุงมือ 4.วิตามินบำรุง 5. คู่มือการใช้ ปริมาณ 100 มล.x2 *เหมาะสำหรับผู้ที่เปลี่ยนสีผมบ่อย และไม่ต้องการให้เส้นผม กรอบ หรือเกิดการแห้งเสีย *ผลลัพธ์ของสีผลที่ได้ขึ้นอยู่กับสภาพและสีผมก่อนทำ วิธีใช้: ใช้ผสมกับ แฮร์ ดีเวลลอปเปอร์ครีม 6%, 9% หรือ 12% แล้วแต่ความต้องการในอัตราส่วน 1:1 ชโลมทิ้งไว้ ประมาณ 30 นาที (แล้วแต่สภาพเส้นผม) แล้วล้างออก *แฮร์ วิตามิน มีสารสกัดจาก "Dimethicone" ที่เข้ามาช่วยบำรุงเส้นผมและล็อคความชุ่มชื่นโดย สารสกัดจะทำหน้าที่เหมือนแผ่นฟิล์มบางๆ เคลือบล็อค ไม่ให้ความชุ่มชื่นระเหยออกจากเส้นผม *สารสกัดจากธรรมชาติอย่าง "Argan Oil" น้ำมันอาร์แกน รักษาความยืดหยุ่น ป้องกันไม่ให้ผม แห้งและสูญเสียความชุ่มชื้น และยังมีคุณสมบัติต้านลดอาการอักเสบ หรือแสบคันหลังจากการย้อมสีผม เป็นต้น | D17: สีทำผม | E17: 0.23 | F17: =E:E+0.05 -> 0.28 | I17: 8858890710149 | J17: L'ANGEL
A18: ANG-015 | B18: แองเจลิค แฮร์ คัลเลอร์ ครีม 7.37 มีเดี่ยม โกลด์ กรีน บลอนด์ | C18: สีบลอนด์กลางประกายทองเหลือบเขียว อุปกรณ์ในกล่องมีดังนี้1. หลอดสี ปริมาณ 100 มล. 2. ไฮโดรเจน 3.ถุงมือ 4.วิตามินบำรุง 5. คู่มือการใช้ ปริมาณ 100 มล.x2 วิธีใช้: ใช้ผสมกับ แฮร์ ดีเวลลอปเปอร์ครีม 6%, 9% หรือ 12% แล้วแต่ความต้องการในอัตราส่วน 1:1 ชโลมทิ้งไว้ ประมาณ 30 นาที (แล้วแต่สภาพเส้นผม) แล้วล้างออก *แฮร์ วิตามิน มีสารสกัดจาก Dimethiconeที่เข้ามาช่วยบำรุงเส้นผมและล็อคความชุ่มชื่นโดยสารสกัดจะทำหน้าที่เหมือนแผ่นฟิล์มบางๆ เคลือบล็อค ไม่ให้ความชุ่มชื่นระเหยออกจากเส้นผม และสารสกัดจากธรรมชาติอย่าง Argania spinosa หรือ Argan Oil น้ำมันอาร์แกน รักษาความยืดหยุ่น ป้องกันไม่ให้ผมแห้งและสูญเสียความชุ่มชื้น และยังมีคุณสมบัติต้านลดอาการอักเสบ หรือแสบคันหลังจากการย้อมสีผม เป็นต้น วิตามิน 3 ขั้นตอนง่ายๆ เพียงแค่บิด หลังสระผมเช็ดผมให้แห้ง บีบ เม็ดวิตามินลงบนฝ่ามือ และลูบปลายเส้นผม โดยไม่ต้องล้างออก | D18: สีทำผม | E18: 0.23 | F18: =E:E+0.05 -> 0.28 | I18: 8858890710156 | J18: L'ANGEL
A19: ANG-016 | B19: แองเจลิค แฮร์ คัลเลอร์ ครีม 9.37 เวรี่ ไลท์ โกลด์ กรีน บลอนด์ | C19: สีบลอนด์อ่อนมากประกายทองเหลือบเขียว อุปกรณ์ในกล่องมีดังนี้1. หลอดสี ปริมาณ 100 มล. 2. ไฮโดรเจน 3.ถุงมือ 4.วิตามินบำรุง 5. คู่มือการใช้ ปริมาณ 100 มล.x2 วิธีใช้: ใช้ผสมกับ แฮร์ ดีเวลลอปเปอร์ครีม 6%, 9% หรือ 12% แล้วแต่ความต้องการในอัตราส่วน 1:1 ชโลมทิ้งไว้ ประมาณ 30 นาที (แล้วแต่สภาพเส้นผม) แล้วล้างออก *แฮร์ วิตามิน มีสารสกัดจาก Dimethiconeที่เข้ามาช่วยบำรุงเส้นผมและล็อคความชุ่มชื่นโดยสารสกัดจะทำหน้าที่เหมือนแผ่นฟิล์มบางๆ เคลือบล็อค ไม่ให้ความชุ่มชื่นระเหยออกจากเส้นผม และสารสกัดจากธรรมชาติอย่าง Argania spinosa หรือ Argan Oil น้ำมันอาร์แกน รักษาความยืดหยุ่น ป้องกันไม่ให้ผมแห้งและสูญเสียความชุ่มชื้น และยังมีคุณสมบัติต้านลดอาการอักเสบ หรือแสบคันหลังจากการย้อมสีผม เป็นต้น วิตามิน 3 ขั้นตอนง่ายๆ เพียงแค่บิด หลังสระผมเช็ดผมให้แห้ง บีบ เม็ดวิตามินลงบนฝ่ามือ และลูบปลายเส้นผม โดยไม่ต้องล้างออก | D19: สีทำผม | E19: 0.23 | F19: =E:E+0.05 -> 0.28 | I19: 8858890710163 | J19: L'ANGEL
A20: ANG-017 | B20: แองเจลิค แฮร์ คัลเลอร์ ครีม 6.7 ดาร์ก กรีน บลอนด์ | C20: สีบลอนด์เข้มประกายหม่นเขียว อุปกรณ์ในกล่องมีดังนี้1. หลอดสี ปริมาณ 100 มล. 2. ไฮโดรเจน 3.ถุงมือ 4.วิตามินบำรุง 5. คู่มือการใช้ ปริมาณ 100 มล.x2 40 เฉดสี วิธีใช้: ใช้ผสมกับ แฮร์ ดีเวลลอปเปอร์ครีม 6%, 9% หรือ 12% แล้วแต่ความต้องการในอัตราส่วน 1:1 ชโลมทิ้งไว้ ประมาณ 30 นาที (แล้วแต่สภาพเส้นผม) แล้วล้างออก *แฮร์ วิตามิน มีสารสกัดจาก Dimethiconeที่เข้ามาช่วยบำรุงเส้นผมและล็อคความชุ่มชื่นโดยสารสกัดจะทำหน้าที่เหมือนแผ่นฟิล์มบางๆ เคลือบล็อค ไม่ให้ความชุ่มชื่นระเหยออกจากเส้นผม และสารสกัดจากธรรมชาติอย่าง Argania spinosa หรือ Argan Oil น้ำมันอาร์แกน รักษาความยืดหยุ่น ป้องกันไม่ให้ผมแห้งและสูญเสียความชุ่มชื้น และยังมีคุณสมบัติต้านลดอาการอักเสบ หรือแสบคันหลังจากการย้อมสีผม เป็นต้น วิตามิน 3 ขั้นตอนง่ายๆ เพียงแค่บิด หลังสระผมเช็ดผมให้แห้ง บีบ เม็ดวิตามินลงบนฝ่ามือ และลูบปลายเส้นผม โดยไม่ต้องล้างออก | D20: สีทำผม | E20: 0.23 | F20: =E:E+0.05 -> 0.28 | I20: 8858890710170 | J20: L'ANGEL
A21: ANG-018 | B21: แองเจลิค แฮร์ คัลเลอร์ ครีม 8.7 ไลท์ กรีน บลอนด์ | C21: สีบลอนด์อ่อนประกายหม่นเขียว อุปกรณ์ในกล่องมีดังนี้1. หลอดสี ปริมาณ 100 มล. 2. ไฮโดรเจน 3.ถุงมือ 4.วิตามินบำรุง 5. คู่มือการใช้ ปริมาณ 100 มล.x2 วิธีใช้: ใช้ผสมกับ แฮร์ ดีเวลลอปเปอร์ครีม 6%, 9% หรือ 12% แล้วแต่ความต้องการในอัตราส่วน 1:1 ชโลมทิ้งไว้ ประมาณ 30 นาที (แล้วแต่สภาพเส้นผม) แล้วล้างออก *แฮร์ วิตามิน มีสารสกัดจาก Dimethiconeที่เข้ามาช่วยบำรุงเส้นผมและล็อคความชุ่มชื่นโดยสารสกัดจะทำหน้าที่เหมือนแผ่นฟิล์มบางๆ เคลือบล็อค ไม่ให้ความชุ่มชื่นระเหยออกจากเส้นผม และสารสกัดจากธรรมชาติอย่าง Argania spinosa หรือ Argan Oil น้ำมันอาร์แกน รักษาความยืดหยุ่น ป้องกันไม่ให้ผมแห้งและสูญเสียความชุ่มชื้น และยังมีคุณสมบัติต้านลดอาการอักเสบ หรือแสบคันหลังจากการย้อมสีผม เป็นต้น วิตามิน 3 ขั้นตอนง่ายๆ เพียงแค่บิด หลังสระผมเช็ดผมให้แห้ง บีบ เม็ดวิตามินลงบนฝ่ามือ และลูบปลายเส้นผม โดยไม่ต้องล้างออก | D21: สีทำผม | E21: 0.23 | F21: =E:E+0.05 -> 0.28 | I21: 8858890710187 | J21: L'ANGEL
A22: ANG-019 | B22: แองเจลิค แฮร์ คัลเลอร์ ครีม 0.00 เคลียร์ โทน | C22: วิธีใช้: ใช้ผสมกับ แฮร์ ดีเวลลอปเปอร์ครีม 6%, 9% หรือ 12% แล้วแต่ความต้องการในอัตราส่วน 1:1 ชโลมทิ้งไว้ ประมาณ 30 นาที (แล้วแต่สภาพเส้นผม) แล้วล้างออก *แฮร์ วิตามิน มีสารสกัดจาก Dimethiconeที่เข้ามาช่วยบำรุงเส้นผมและล็อคความชุ่มชื่นโดยสารสกัดจะทำหน้าที่เหมือนแผ่นฟิล์มบางๆ เคลือบล็อค ไม่ให้ความชุ่มชื่นระเหยออกจากเส้นผม และสารสกัดจากธรรมชาติอย่าง Argania spinosa หรือ Argan Oil น้ำมันอาร์แกน รักษาความยืดหยุ่น ป้องกันไม่ให้ผมแห้งและสูญเสียความชุ่มชื้น และยังมีคุณสมบัติต้านลดอาการอักเสบ หรือแสบคันหลังจากการย้อมสีผม เป็นต้น วิตามิน 3 ขั้นตอนง่ายๆ เพียงแค่บิด หลังสระผมเช็ดผมให้แห้ง บีบ เม็ดวิตามินลงบนฝ่ามือ และลูบปลายเส้นผม โดยไม่ต้องล้างออก | D22: สีทำผม | E22: 0.23 | F22: =E:E+0.05 -> 0.28 | I22: 8858890710194 | J22: L'ANGEL
A23: ANG-020 | B23: แองเจลิค แฮร์ คัลเลอร์ ครีม 0.22 ไวโอเลท | C23: แม่สีม่วงอุปกรณ์ในกล่องมีดังนี้1. หลอดสี ปริมาณ 100 มล. 2. ไฮโดรเจน 3.ถุงมือ 4.วิตามินบำรุง 5. คู่มือการใช้ ปริมาณ 100 มล.x2 40 เฉดสี วิธีใช้: ใช้ผสมกับ แฮร์ ดีเวลลอปเปอร์ครีม 6%, 9% หรือ 12% แล้วแต่ความต้องการในอัตราส่วน 1:1 ชโลมทิ้งไว้ ประมาณ 30 นาที (แล้วแต่สภาพเส้นผม) แล้วล้างออก *แฮร์ วิตามิน มีสารสกัดจาก Dimethiconeที่เข้ามาช่วยบำรุงเส้นผมและล็อคความชุ่มชื่นโดยสารสกัดจะทำหน้าที่เหมือนแผ่นฟิล์มบางๆ เคลือบล็อค ไม่ให้ความชุ่มชื่นระเหยออกจากเส้นผม และสารสกัดจากธรรมชาติอย่าง Argania spinosa หรือ Argan Oil น้ำมันอาร์แกน รักษาความยืดหยุ่น ป้องกันไม่ให้ผมแห้งและสูญเสียความชุ่มชื้น และยังมีคุณสมบัติต้านลดอาการอักเสบ หรือแสบคันหลังจากการย้อมสีผม เป็นต้น วิตามิน 3 ขั้นตอนง่ายๆ เพียงแค่บิด หลังสระผมเช็ดผมให้แห้ง บีบ เม็ดวิตามินลงบนฝ่ามือ และลูบปลายเส้นผม โดยไม่ต้องล้างออก | D23: สีทำผม | E23: 0.23 | F23: =E:E+0.05 -> 0.28 | I23: 8858890710200 | J23: L'ANGEL
A24: ANG-021 | B24: แองเจลิค แฮร์ คัลเลอร์ ครีม 0.44 คอปเปอร์ โกลด์ | C24: แม่สีทองแดงอุปกรณ์ในกล่องมีดังนี้1. หลอดสี ปริมาณ 100 มล. 2. ไฮโดรเจน 3.ถุงมือ 4.วิตามินบำรุง 5. คู่มือการใช้ ปริมาณ 100 มล.x2 40 เฉดสี วิธีใช้: ใช้ผสมกับ แฮร์ ดีเวลลอปเปอร์ครีม 6%, 9% หรือ 12% แล้วแต่ความต้องการในอัตราส่วน 1:1 ชโลมทิ้งไว้ ประมาณ 30 นาที (แล้วแต่สภาพเส้นผม) แล้วล้างออก *แฮร์ วิตามิน มีสารสกัดจาก Dimethiconeที่เข้ามาช่วยบำรุงเส้นผมและล็อคความชุ่มชื่นโดยสารสกัดจะทำหน้าที่เหมือนแผ่นฟิล์มบางๆ เคลือบล็อค ไม่ให้ความชุ่มชื่นระเหยออกจากเส้นผม และสารสกัดจากธรรมชาติอย่าง Argania spinosa หรือ Argan Oil น้ำมันอาร์แกน รักษาความยืดหยุ่น ป้องกันไม่ให้ผมแห้งและสูญเสียความชุ่มชื้น และยังมีคุณสมบัติต้านลดอาการอักเสบ หรือแสบคันหลังจากการย้อมสีผม เป็นต้น วิตามิน 3 ขั้นตอนง่ายๆ เพียงแค่บิด หลังสระผมเช็ดผมให้แห้ง บีบ เม็ดวิตามินลงบนฝ่ามือ และลูบปลายเส้นผม โดยไม่ต้องล้างออก | D24: สีทำผม | E24: 0.23 | F24: =E:E+0.05 -> 0.28 | I24: 8858890710217 | J24: L'ANGEL
A25: ANG-022 | B25: แองเจลิค แฮร์ คัลเลอร์ ครีม 2.0 แบล็ค | C25: สีดำอุปกรณ์ในกล่องมีดังนี้1. หลอดสี ปริมาณ 100 มล. 2. ไฮโดรเจน 3.ถุงมือ 4.วิตามินบำรุง 5. คู่มือการใช้ ปริมาณ 100 มล.x2 40 เฉดสี | D25: สีทำผม | E25: 0.23 | F25: =E:E+0.05 -> 0.28 | I25: 8858890710224 | J25: L'ANGEL
A26: ANG-024 | B26: แองเจลิค แฮร์ คัลเลอร์ ครีม 4.00 สีน้ำตาลกลาง | C26: แองเจลิค แฮร์ คัลเลอร์ ครีม 4.0 มีเดี่ยม บราวน์ แม่สีเทาอุปกรณ์ในกล่องมี ดังนี้ 1. หลอดสี ปริมาณ 100 มล. 2. ไฮโดรเจน 3.ถุงมือ 4.วิตามินบำรุง 5. คู่มือการใช้ ปริมาณ 100 มล.x2 *เหมาะสำหรับผู้ที่เปลี่ยนสีผมบ่อย และไม่ต้องการให้เส้นผม กรอบ หรือเกิดการแห้งเสีย *ผลลัพธ์ของสีผลที่ได้ขึ้นอยู่กับสภาพและสีผมก่อนทำ วิธีใช้: ใช้ผสมกับ แฮร์ ดีเวลลอปเปอร์ครีม 6%, 9% หรือ 12% แล้วแต่ความต้องการในอัตราส่วน 1:1 ชโลมทิ้งไว้ ประมาณ 30 นาที (แล้วแต่สภาพเส้นผม) แล้วล้างออก *แฮร์ วิตามิน มีสารสกัดจาก "Dimethicone" ที่เข้ามาช่วยบำรุงเส้นผมและล็อคความชุ่มชื่นโดย สารสกัดจะทำหน้าที่เหมือนแผ่นฟิล์มบางๆ เคลือบล็อค ไม่ให้ความชุ่มชื่นระเหยออกจากเส้นผม *สารสกัดจากธรรมชาติอย่าง "Argan Oil" น้ำมันอาร์แกน รักษาความยืดหยุ่น ป้องกันไม่ให้ผม แห้งและสูญเสียความชุ่มชื้น และยังมีคุณสมบัติต้านลดอาการอักเสบ หรือแสบคันหลังจากการย้อมสีผม เป็นต้น | I26: 8858890710248
A27: ANG-025 | B27: แองเจลิค แฮร์ คัลเลอร์ ครีม 4.22 มีเดี่ยม อินเทนส์ ไวโอเลท บราวน์ | C27: สีน้ำตาลกลางประกายม่วงจัดอุปกรณ์ในกล่องมีดังนี้1. หลอดสี ปริมาณ 100 มล. 2. ไฮโดรเจน 3.ถุงมือ 4.วิตามินบำรุง 5. คู่มือการใช้ ปริมาณ 100 มล.x2 40 เฉดสี วิธีใช้: ใช้ผสมกับ แฮร์ ดีเวลลอปเปอร์ครีม 6%, 9% หรือ 12% แล้วแต่ความต้องการในอัตราส่วน 1:1 ชโลมทิ้งไว้ ประมาณ 30 นาที (แล้วแต่สภาพเส้นผม) แล้วล้างออก *แฮร์ วิตามิน มีสารสกัดจาก Dimethiconeที่เข้ามาช่วยบำรุงเส้นผมและล็อคความชุ่มชื่นโดยสารสกัดจะทำหน้าที่เหมือนแผ่นฟิล์มบางๆ เคลือบล็อค ไม่ให้ความชุ่มชื่นระเหยออกจากเส้นผม และสารสกัดจากธรรมชาติอย่าง Argania spinosa หรือ Argan Oil น้ำมันอาร์แกน รักษาความยืดหยุ่น ป้องกันไม่ให้ผมแห้งและสูญเสียความชุ่มชื้น และยังมีคุณสมบัติต้านลดอาการอักเสบ หรือแสบคันหลังจากการย้อมสีผม เป็นต้น วิตามิน 3 ขั้นตอนง่ายๆ เพียงแค่บิด หลังสระผมเช็ดผมให้แห้ง บีบ เม็ดวิตามินลงบนฝ่ามือ และลูบปลายเส้นผม โดยไม่ต้องล้างออก | D27: สีทำผม | E27: 0.23 | F27: =E:E+0.05 -> 0.28 | I27: 8858890710255 | J27: L'ANGEL
A28: ANG-029 | B28: แองเจลิค แฮร์ คัลเลอร์ ครีม 5.0 ไลท์ บราวน์ | C28: สีน้ำตาลอ่อนอุปกรณ์ในกล่องมีดังนี้1. หลอดสี ปริมาณ 100 มล. 2. ไฮโดรเจน 3.ถุงมือ 4.วิตามินบำรุง 5. คู่มือการใช้ ปริมาณ 100 มล.x2 40 เฉดสี วิธีใช้: ใช้ผสมกับ แฮร์ ดีเวลลอปเปอร์ครีม 6%, 9% หรือ 12% แล้วแต่ความต้องการในอัตราส่วน 1:1 ชโลมทิ้งไว้ ประมาณ 30 นาที (แล้วแต่สภาพเส้นผม) แล้วล้างออก *แฮร์ วิตามิน มีสารสกัดจาก Dimethiconeที่เข้ามาช่วยบำรุงเส้นผมและล็อคความชุ่มชื่นโดยสารสกัดจะทำหน้าที่เหมือนแผ่นฟิล์มบางๆ เคลือบล็อค ไม่ให้ความชุ่มชื่นระเหยออกจากเส้นผม และสารสกัดจากธรรมชาติอย่าง Argania spinosa หรือ Argan Oil น้ำมันอาร์แกน รักษาความยืดหยุ่น ป้องกันไม่ให้ผมแห้งและสูญเสียความชุ่มชื้น และยังมีคุณสมบัติต้านลดอาการอักเสบ หรือแสบคันหลังจากการย้อมสีผม เป็นต้น วิตามิน 3 ขั้นตอนง่ายๆ เพียงแค่บิด หลังสระผมเช็ดผมให้แห้ง บีบ เม็ดวิตามินลงบนฝ่ามือ และลูบปลายเส้นผม โดยไม่ต้องล้างออก | D28: สีทำผม | E28: 0.23 | F28: =E:E+0.05 -> 0.28 | I28: 8858890710293 | J28: L'ANGEL
